TICKER;PRECO;DY;P/L;P/VP;P/ATIVOS;MARGEM BRUTA;MARGEM EBIT;MARG. LIQUIDA;P/EBIT;EV/EBIT;DIVIDA LIQUIDA / EBIT;DIV. LIQ. / PATRI.;PSR;P/CAP. GIRO;P. AT CIR. LIQ.;LIQ. CORRENTE;ROE;ROA;ROIC;PATRIMONIO / ATIVOS;PASSIVOS / ATIVOS;GIRO ATIVOS;CAGR RECEITAS 5 ANOS;CAGR LUCROS 5 ANOS; LIQUIDEZ MEDIA DIARIA; VPA; LPA; PEG Ratio; VALOR DE MERCADO
ABCB4;18,32;8,43;5,35;0,78;0,08;31,62;25,25;19,35;4,10;4,25;;;1,04;3,40;-0,08;1,50;14,50;1,45;;0,10;0,90;0,07;18,70;12,95;16.513.188,52;23,98;3,48;0,37;4.203.015.293,62
ABEV3;13,71;5,46;15,39;2,58;1,65;49,95;21,50;17,26;12,36;12,12;-0,47;-0,10;2,66;1.086,15;-2,22;1,01;16,78;10,71;18,20;0,64;0,35;0,62;10,72;14,46;375.854.836,07;5,40;0,91;2,83;219.765.974.311,80
AFLT3;8,70;2,95;14,33;2,07;1,82;59,73;49,97;48,96;14,04;14,50;-0,47;-0,07;7,02;9,66;-2,42;4,34;14,46;12,72;13,28;0,88;0,12;0,26;24,96;25,66;10.706,05;4,30;0,62;-0,23;562.084.677,00
AGRO3;26,38;12,49;9,88;1,21;0,76;30,76;21,55;20,98;9,62;11,44;1,67;0,21;2,07;3,70;-1,23;2,14;12,22;7,65;8,56;0,63;0,37;0,36;27,22;16,28;12.863.057,85;21,46;2,62;-0,20;2.653.612.047,36
ALLD3;6,37;5,49;9,58;0,39;0,17;13,77;3,60;1,16;3,10;4,49;1,20;0,15;0,11;0,62;-0,54;1,65;4,10;1,75;7,52;0,43;0,57;1,51;14,71;27,14;233.524,15;16,44;0,67;-0,18;601.272.753,90
ALSO3;22,54;2,31;4,02;0,88;0,46;101,46;315,02;172,55;2,20;2,04;-0,29;-0,12;6,94;9,73;-0,51;1,87;21,84;11,36;26,95;0,52;0,44;0,07;25,65;87,46;100.972.926,56;25,57;5,58;0,00;12.879.144.237,96
ALUP11;28,56;5,85;11,52;1,17;0,31;76,94;72,93;23,99;3,79;7,76;3,93;1,22;2,76;2,84;-0,38;2,44;10,19;2,70;9,59;0,27;0,61;0,11;20,04;18,11;20.485.489,19;24,49;2,50;-0,40;8.758.761.244,32
ALUP3;9,55;5,83;11,54;1,18;0,31;76,94;72,93;23,99;3,80;7,76;3,93;1,22;2,77;2,84;-0,38;2,44;10,19;2,70;9,59;0,27;0,61;0,11;20,04;18,11;125.856,96;8,16;0,83;-0,40;8.758.761.244,32
ALUP4;9,54;5,86;11,48;1,17;0,31;76,94;72,93;23,99;3,78;7,76;3,93;1,22;2,76;2,83;-0,38;2,44;10,19;2,70;9,59;0,27;0,61;0,11;20,04;18,11;253.797,67;8,16;0,83;-0,40;8.758.761.244,32
APER3;29,90;1,06;13,25;0,74;0,48;100,00;9,07;9,31;13,60;10,45;-3,11;-0,17;1,23;19,11;-0,62;1,12;5,57;3,60;3,59;0,65;0,35;0,39;22,90;;753.652,63;41,37;2,31;0,04;350.718.093,70
ARML3;12,68;1,94;28,21;3,83;1,20;48,40;34,24;14,07;11,60;15,98;3,54;1,17;3,97;5,87;-1,74;2,90;13,57;4,24;11,42;0,31;0,69;0,30;;;8.938.168,67;3,40;0,46;0,45;4.498.208.533,00
ARZZ3;67,45;2,32;20,61;2,74;1,40;53,36;10,78;8,03;15,36;17,17;0,70;0,12;1,66;7,14;-2,86;1,63;13,29;6,81;12,78;0,51;0,48;0,85;25,49;19,09;121.840.081,26;25,08;3,33;-1,45;7.626.068.344,26
ATOM3;2,25;14,24;24,25;2,76;1,88;94,22;5,18;8,23;38,53;26,87;-13,21;-0,94;2,00;1,98;-84,35;34,11;11,36;7,75;4,23;0,68;0,32;0,94;;-11,48;18.605,67;0,82;0,09;-0,32;53.561.020,50
AURA33;31,61;4,45;10,34;1,41;0,60;36,27;23,68;11,46;5,00;6,37;1,39;0,39;1,18;9,58;-0,90;1,24;13,62;5,84;12,85;0,43;0,57;0,51;32,13;63,49;3.070.963,89;22,68;3,09;-0,24;2.259.514.172,40
AURE3;13,73;10,90;4,44;0,93;0,42;21,03;27,60;52,70;8,49;8,88;0,27;0,03;2,34;2,83;-0,58;2,12;20,94;9,38;5,22;0,45;0,55;0,18;;;35.236.015,48;14,79;3,10;0,00;13.760.000.000,00
B3SA3;12,55;3,05;17,49;3,56;1,55;85,58;52,07;39,68;13,33;13,94;-0,52;-0,14;6,94;11,79;-2,35;1,62;20,33;8,85;12,30;0,44;0,56;0,22;22,44;26,36;394.406.438,26;3,53;0,72;-2,73;73.028.450.000,00
BALM3;10,00;2,16;122,50;0,69;0,40;58,39;9,82;0,44;5,47;3,77;-1,50;-0,19;0,54;0,86;-1,31;2,92;0,56;0,32;6,55;0,57;0,42;0,74;8,44;3,46;3.762,13;14,53;0,08;-1,27;99.421.000,00
BALM4;10,50;2,10;126,05;0,71;0,41;58,39;9,82;0,44;5,62;3,77;-1,50;-0,19;0,55;0,88;-1,35;2,92;0,56;0,32;6,55;0,57;0,42;0,74;8,44;3,46;19.705,00;14,53;0,08;-1,30;99.421.000,00
BAUH4;71,88;1,68;-98,21;3,91;2,32;21,55;3,82;-1,82;46,81;44,59;-2,23;-0,19;1,79;30,71;-4,23;1,20;-3,98;-2,36;-3,45;0,59;0,41;1,30;3,33;;28.172,22;18,39;-0,73;0,68;375.373.317,36
BAZA3;76,00;7,09;3,37;0,77;0,10;29,18;53,10;34,41;2,19;2,06;;;1,16;2,55;-0,11;;22,87;3,06;;0,13;0,87;0,09;17,64;80,88;298.488,19;97,45;22,28;0,08;4.213.342.955,40
BBAS3;46,68;9,66;4,13;0,83;0,06;32,03;16,16;12,35;3,16;3,26;;;0,51;2,24;-0,07;12,76;20,01;1,57;;0,08;0,92;0,13;9,97;25,08;393.518.559,41;56,75;11,36;0,10;134.502.674.918,80
BBDC3;12,80;7,13;8,40;0,82;0,07;31,88;6,19;7,37;10,00;11,28;;;0,62;0,92;-0,08;7,16;9,78;0,87;;0,09;0,91;0,12;8,37;-0,96;74.986.903,26;15,64;1,53;-0,25;144.985.463.418,99
BBDC4;14,37;7,00;9,40;0,92;0,08;31,88;6,19;7,37;11,19;11,28;;;0,69;1,03;-0,09;7,16;9,78;0,87;;0,09;0,91;0,12;8,37;-0,96;555.467.658,04;15,64;1,53;-0,28;144.985.463.418,99
BBSE3;31,11;11,21;8,66;6,95;3,66;;;;7,56;7,54;;;;-519,38;-5,38;0,98;80,32;42,31;;0,53;0,47;0,00;;12,15;154.159.423,37;4,47;3,59;0,19;62.200.000.000,00
BEEF3;8,68;6,31;15,10;12,94;0,27;19,56;7,51;1,21;2,44;6,08;3,54;18,78;0,18;1,36;-0,65;1,50;85,67;1,77;14,51;0,02;0,95;1,46;20,68;;130.055.146,89;0,67;0,58;-0,28;5.301.584.143,11
BEES3;8,65;7,26;8,30;1,34;0,07;26,39;8,82;6,42;6,05;6,37;;;0,53;0,71;-0,08;;16,14;0,85;;0,05;0,95;0,13;12,53;14,38;126.131,33;6,43;1,04;-1,67;2.832.935.848,40
BEES4;9,73;6,29;9,58;1,55;0,08;26,39;8,82;6,42;6,98;6,37;;;0,62;0,82;-0,09;;16,14;0,85;;0,05;0,95;0,13;12,53;14,38;51.444,89;6,43;1,04;-1,93;2.832.935.848,40
BGIP3;26,99;8,71;7,06;0,73;0,05;35,65;5,57;5,27;6,67;6,18;;;0,37;-0,34;-0,10;0,76;10,32;0,71;;0,07;0,93;0,14;8,79;-6,36;49.810,69;35,35;3,65;0,29;413.435.740,90
BGIP4;23,00;10,66;6,35;0,65;0,05;35,65;5,57;5,27;6,00;6,18;;;0,33;-0,30;-0,09;0,76;10,32;0,71;;0,07;0,93;0,14;8,79;-6,36;56.592,50;35,35;3,65;0,26;413.435.740,90
BLAU3;17,29;3,72;10,05;1,67;1,25;44,32;26,97;23,07;8,60;8,39;-0,41;-0,08;2,32;2,90;-2,91;4,14;16,63;12,47;13,37;0,75;0,25;0,54;;;8.966.444,44;10,45;1,74;-17,56;3.132.218.174,94
BMEB3;14,05;6,70;6,61;1,05;0,08;51,41;6,14;5,24;5,64;5,50;;;0,35;0,74;-0,09;;15,91;1,26;;0,08;0,92;0,24;5,94;25,14;6.534,20;13,35;2,12;0,60;1.443.126.822,00
BMEB4;13,50;7,78;6,26;1,00;0,08;51,41;6,14;5,24;5,34;5,50;;;0,33;0,70;-0,09;;15,91;1,26;;0,08;0,92;0,24;5,94;25,14;349.928,00;13,35;2,12;0,57;1.443.126.822,00
BMGB4;2,43;15,92;10,95;0,35;0,03;36,06;-1,60;1,83;-12,51;-12,71;;;0,20;;-0,03;;3,17;0,29;;0,09;0,91;0,16;19,34;59,92;1.686.737,52;6,97;0,22;0,50;1.411.422.434,62
BMIN3;23,88;5,06;12,29;0,85;0,45;57,60;30,85;24,12;9,61;9,03;;;2,96;47,15;-0,45;;6,95;3,63;;0,52;0,48;0,15;16,78;;5.057,80;27,95;1,94;0,17;108.621.446,10
BMIN4;14,58;8,28;7,50;0,52;0,27;57,60;30,85;24,12;5,87;9,03;;;1,81;28,79;-0,28;;6,95;3,63;;0,52;0,48;0,15;16,78;;9.219,77;27,95;1,94;0,10;108.621.446,10
BMKS3;316,00;18,34;5,33;0,72;0,62;26,67;51,94;153,94;15,81;-0,34;-16,90;-0,77;8,21;0,85;-2,67;25,52;13,56;11,71;0,78;0,86;0,14;0,08;2,51;27,32;22.870,85;435,49;59,07;0,08;143.296.272,50
BMOB3;11,98;1,86;11,53;0,98;0,79;23,63;7,12;6,69;10,83;5,36;-5,63;-0,51;0,77;1,66;-2,24;3,71;8,53;6,84;4,13;0,80;0,20;1,02;;;7.659.027,30;12,22;1,04;0,37;1.045.784.377,84
BNBR3;89,50;3,96;3,46;0,78;0,12;45,79;43,39;25,87;2,06;2,06;;;0,90;1,91;-0,12;;22,64;3,34;;0,15;0,85;0,13;8,76;25,53;23.296,91;114,18;25,85;0,09;7.730.246.028,00
BOAS3;7,95;3,20;15,22;1,83;1,70;56,53;19,25;32,39;25,60;18,69;-6,92;-0,50;4,93;3,34;-3,80;12,37;12,04;11,16;4,65;0,93;0,07;0,34;8,81;74,34;53.310.276,50;4,34;0,52;5,59;4.212.250.617,75
BPAC11;30,68;2,41;14,11;2,54;0,30;21,01;23,15;19,46;11,86;12,65;;;2,75;9,77;-3,43;1,04;18,00;2,16;;0,12;0,88;0,11;46,00;32,40;291.030.626,81;12,18;2,19;0,37;118.589.742.724,59
BPAC3;14,03;1,76;19,29;3,47;0,42;21,01;23,15;19,46;16,22;12,65;;;3,75;13,35;-4,69;1,04;18,00;2,16;;0,12;0,88;0,11;46,00;32,40;86.165,07;4,06;0,73;0,51;118.589.742.724,59
BPAC5;8,18;2,99;11,39;2,05;0,25;21,01;23,15;19,46;9,58;12,65;;;2,22;7,88;-2,77;1,04;18,00;2,16;;0,12;0,88;0,11;46,00;32,40;44.100,74;4,06;0,73;0,30;118.589.742.724,59
BPAN4;8,21;3,04;17,33;1,45;0,19;51,82;4,78;4,29;15,54;16,50;;;0,74;;-0,19;;8,36;1,08;;0,13;0,87;0,25;8,24;40,68;20.489.199,70;5,70;0,48;-1,03;10.516.625.961,94
BRAP3;21,16;12,29;3,09;1,12;1,12;;;;3,19;3,11;-0,10;-0,03;;41,69;-1,15;4,70;36,31;36,05;35,19;0,99;0,01;0,00;;3,42;1.199.667,37;19,30;7,01;-0,06;8.933.056.311,12
BRAP4;22,88;12,58;3,32;1,21;1,20;;;;3,43;3,11;-0,10;-0,03;;44,78;-1,24;4,70;36,31;36,05;35,19;0,99;0,01;0,00;;3,42;62.368.911,63;19,30;7,01;-0,06;8.933.056.311,12
BRBI11;15,50;5,49;10,56;;0,17;4,90;6,09;3,95;6,86;42,76;36,07;;0,42;;-0,17;;;1,57;1,75;0,00;1,00;0,40;;;1.301.533,93;0,00;1,45;1,10;1.605.384.314,16
BRGE11;10,90;2,42;10,01;0,61;0,27;-4.128,22;1.241,02;2.221,70;17,93;-17,71;-34,16;-1,16;222,49;0,73;-0,61;3,09;6,08;2,72;1,83;0,45;0,37;0,00;-31,54;9,39;3.683,00;17,89;1,09;0,08;756.988.774,64
BRGE5;10,42;2,11;9,57;0,58;0,26;-4.128,22;1.241,02;2.221,70;17,14;-17,71;-34,16;-1,16;212,69;0,70;-0,58;3,09;6,08;2,72;1,83;0,45;0,37;0,00;-31,54;9,39;1.042,00;17,89;1,09;0,07;756.988.774,64
BRGE6;10,35;5,10;9,51;0,58;0,26;-4.128,22;1.241,02;2.221,70;17,02;-17,71;-34,16;-1,16;211,26;0,69;-0,58;3,09;6,08;2,72;1,83;0,45;0,37;0,00;-31,54;9,39;5.045,00;17,89;1,09;0,07;756.988.774,64
BRGE7;9,27;3,32;8,52;0,52;0,23;-4.128,22;1.241,02;2.221,70;15,25;-17,71;-34,16;-1,16;189,22;0,62;-0,52;3,09;6,08;2,72;1,83;0,45;0,37;0,00;-31,54;9,39;6.489,00;17,89;1,09;0,07;756.988.774,64
BRGE8;10,05;2,19;9,23;0,56;0,25;-4.128,22;1.241,02;2.221,70;16,53;-17,71;-34,16;-1,16;205,14;0,67;-0,56;3,09;6,08;2,72;1,83;0,45;0,37;0,00;-31,54;9,39;5.846,00;17,89;1,09;0,07;756.988.774,64
BRIV3;10,86;1,46;9,54;0,56;0,04;17,73;4,57;2,97;6,19;6,20;;;0,28;0,22;-0,05;4,27;5,88;0,39;;0,07;0,93;0,13;20,48;15,20;19.627,00;19,37;1,14;0,01;962.553.526,79
BRIV4;10,85;2,85;9,55;0,56;0,04;17,73;4,57;2,97;6,20;6,20;;;0,28;0,22;-0,05;4,27;5,88;0,39;;0,07;0,93;0,13;20,48;15,20;13.251,00;19,37;1,14;0,01;962.553.526,79
BRSR3;12,66;6,92;6,32;0,54;0,04;31,38;6,21;5,73;5,83;5,94;;;0,36;1,56;-0,05;2,81;8,61;0,70;;0,08;0,92;0,12;6,91;-5,56;77.462,74;23,36;2,01;-0,49;5.134.853.615,51
BRSR5;18,00;4,96;8,95;0,77;0,06;31,38;6,21;5,73;8,25;5,94;;;0,51;2,21;-0,07;2,81;8,61;0,70;;0,08;0,92;0,12;6,91;-5,56;3.899,83;23,36;2,01;-0,70;5.134.853.615,51
BRSR6;12,30;7,10;6,16;0,53;0,04;31,38;6,21;5,73;5,69;5,94;;;0,35;1,52;-0,05;2,81;8,61;0,70;;0,08;0,92;0,12;6,91;-5,56;21.805.936,44;23,36;2,01;-0,48;5.134.853.615,51
BSLI3;14,77;1,25;50,39;2,15;0,12;34,16;-2,02;1,59;-39,68;-41,48;;;0,80;-0,40;-0,13;0,20;4,26;0,23;;0,06;0,94;0,15;20,22;-17,49;3.434,27;6,29;0,27;-0,72;4.776.777.750,00
BSLI4;12,00;1,54;44,79;1,91;0,11;34,16;-2,02;1,59;-35,27;-41,48;;;0,71;-0,36;-0,11;0,20;4,26;0,23;;0,06;0,94;0,15;20,22;-17,49;5.653,00;6,29;0,27;-0,64;4.776.777.750,00
CALI3;14,10;3,17;2,88;1,73;0,26;25,74;16,38;11,05;1,94;3,84;1,84;1,63;0,32;1,88;-0,37;1,82;59,97;8,89;25,95;0,15;0,85;0,80;65,29;31,66;2.722,89;8,16;4,90;0,00;52.465.691,10
CAMB3;9,70;2,52;5,52;2,07;1,12;46,94;22,38;15,54;3,84;4,61;0,55;0,30;0,86;4,45;-2,20;2,05;37,48;20,30;39,01;0,54;0,46;1,31;11,16;11,21;906.205,96;4,80;1,80;0,12;420.214.295,20
CAML3;8,28;2,57;6,03;0,97;0,32;20,98;8,22;4,71;3,45;7,01;3,49;0,98;0,28;1,16;-0,71;1,99;16,16;5,26;10,72;0,33;0,67;1,12;16,96;14,10;15.011.183,30;8,57;1,38;0,02;2.922.500.000,00
CBAV3;4,53;9,39;-3,14;0,54;0,21;-8,53;-10,28;-7,92;-2,42;-4,46;-2,27;0,51;0,25;0,95;-0,34;2,20;-17,18;-6,54;-14,64;0,38;0,60;0,83;;;21.876.361,33;8,69;-1,49;0,02;2.794.458.331,77
CCRO3;12,21;2,68;19,23;2,03;0,45;43,52;34,62;8,16;4,53;8,88;4,10;1,84;1,57;11,04;-0,61;1,19;10,54;2,36;10,05;0,22;0,77;0,29;12,68;-6,44;121.875.381,41;6,05;0,64;-0,29;24.785.400.000,00
CEBR3;13,59;10,97;5,20;0,98;0,70;43,45;84,65;66,35;4,08;1,55;-2,60;-0,62;3,45;1,61;-1,46;5,72;18,78;13,38;13,13;0,71;0,11;0,20;-34,71;7,64;67.832,33;13,92;2,61;-3,76;1.020.091.171,50
CEBR5;13,36;11,03;5,17;0,97;0,69;43,45;84,65;66,35;4,05;1,55;-2,60;-0,62;3,43;1,60;-1,45;5,72;18,78;13,38;13,13;0,71;0,11;0,20;-34,71;7,64;27.342,60;13,92;2,61;-3,74;1.020.091.171,50
CEBR6;14,84;11,16;5,62;1,06;0,75;43,45;84,65;66,35;4,41;1,55;-2,60;-0,62;3,73;1,74;-1,58;5,72;18,78;13,38;13,13;0,71;0,11;0,20;-34,71;7,64;133.549,78;13,92;2,61;-4,07;1.020.091.171,50
CEEB3;41,03;4,83;6,74;1,71;0,41;30,16;23,89;11,28;3,18;7,51;3,66;1,97;0,76;-12,65;-0,53;0,87;25,40;6,09;15,49;0,24;0,76;0,54;11,42;55,68;49.821,73;24,32;6,18;-0,54;13.005.396.155,53
CEEB5;54,60;3,68;8,84;2,24;0,54;30,16;23,89;11,28;4,17;7,51;3,66;1,97;1,00;-16,60;-0,69;0,87;25,40;6,09;15,49;0,24;0,76;0,54;11,42;55,68;5.460,00;24,32;6,18;-0,71;13.005.396.155,53
CEPE5;40,12;1,35;26,03;1,88;0,23;19,73;12,27;1,41;3,00;15,58;6,92;4,33;0,37;9,33;-0,31;1,10;7,21;0,88;10,50;0,12;0,88;0,62;8,38;15,32;6.418,00;21,39;1,54;-0,38;8.638.460.288,58
CEPE6;43,00;1,39;27,90;2,01;0,25;19,73;12,27;1,41;3,21;15,58;6,92;4,33;0,39;9,99;-0,33;1,10;7,21;0,88;10,50;0,12;0,88;0,62;8,38;15,32;6.183,00;21,39;1,54;-0,41;8.638.460.288,58
CGAS3;124,95;9,48;37,03;167,92;1,20;20,96;16,69;2,60;5,77;7,30;1,94;56,56;0,96;84,36;-1,97;1,04;453,46;3,25;19,15;0,01;0,99;1,25;25,75;-6,92;18.242,80;0,74;3,37;-0,48;16.558.447.345,65
CGAS5;128,90;10,11;38,19;173,16;1,24;20,96;16,69;2,60;5,95;7,30;1,94;56,56;0,99;87,00;-2,03;1,04;453,46;3,25;19,15;0,01;0,99;1,25;25,75;-6,92;70.950,00;0,74;3,37;-0,50;16.558.447.345,65
CGRA3;25,80;4,89;5,16;0,59;0,41;54,66;9,07;14,53;8,26;6,79;-1,78;-0,13;0,75;1,65;-0,74;2,32;11,41;8,02;5,83;0,70;0,30;0,55;9,76;9,46;436.927,63;43,57;4,97;-0,12;516.899.016,00
CGRA4;27,69;4,59;5,50;0,63;0,44;54,66;9,07;14,53;8,81;6,79;-1,78;-0,13;0,80;1,76;-0,79;2,32;11,41;8,02;5,83;0,70;0,30;0,55;9,76;9,46;354.139,30;43,57;4,97;-0,13;516.899.016,00
CIEL3;3,67;7,83;5,29;0,86;0,10;45,68;32,19;17,91;2,95;4,92;1,89;0,55;0,95;0,75;-0,88;1,19;16,24;1,98;11,82;0,12;0,85;0,11;-1,62;-14,08;158.467.947,26;4,31;0,70;0,09;10.052.215.725,70
CLSC3;61,97;6,44;3,90;0,75;0,20;15,14;9,03;5,98;2,58;4,18;1,56;0,45;0,23;-10,68;-0,30;0,95;19,14;5,19;13,03;0,27;0,73;0,87;7,34;55,91;27.710,08;82,99;15,88;0,09;2.447.431.740,19
CLSC4;64,40;6,81;4,06;0,78;0,21;15,14;9,03;5,98;2,69;4,18;1,56;0,45;0,24;-11,10;-0,31;0,95;19,14;5,19;13,03;0,27;0,73;0,87;7,34;55,91;302.040,52;82,99;15,88;0,09;2.447.431.740,19
CMIG3;19,04;5,94;6,32;1,77;0,77;23,76;20,70;18,48;5,64;5,46;1,09;0,34;1,17;12,28;-1,02;1,34;28,07;12,15;17,80;0,43;0,57;0,66;9,68;45,94;6.790.705,89;10,72;3,01;0,51;31.838.595.973,60
CMIG4;12,16;9,28;4,04;1,13;0,49;23,76;20,70;18,48;3,61;5,46;1,09;0,34;0,75;7,85;-0,65;1,34;28,07;12,15;17,80;0,43;0,57;0,66;9,68;45,94;112.864.276,11;10,72;3,01;0,33;31.838.595.973,60
CMIN3;4,23;21,27;9,80;2,24;0,89;44,23;27,92;15,73;5,52;5,42;-0,07;-0,03;1,54;3,53;-1,48;2,73;22,89;9,10;20,28;0,40;0,60;0,58;19,26;22,26;25.847.951,26;1,91;0,44;-0,44;23.477.250.226,64
COCE3;50,01;1,69;6,40;0,97;0,31;17,17;14,42;6,94;3,08;6,16;3,80;1,19;0,44;-3,72;-0,40;0,73;15,12;4,85;12,22;0,32;0,68;0,70;13,27;6,91;10.002,00;51,70;7,82;0,34;2.974.901.258,91
COCE5;42,08;1,99;5,44;0,82;0,26;17,17;14,42;6,94;2,62;6,16;3,80;1,19;0,38;-3,16;-0,34;0,73;15,12;4,85;12,22;0,32;0,68;0,70;13,27;6,91;2.817.541,44;51,70;7,82;0,29;2.974.901.258,91
CPFE3;34,29;8,46;7,11;2,20;0,54;32,26;27,95;13,83;3,52;5,32;1,74;1,09;0,98;-24,69;-0,70;0,91;31,00;7,63;20,03;0,25;0,74;0,55;8,03;36,19;52.874.241,67;15,48;4,80;0,75;39.280.353.859,60
CPLE11;41,70;4,32;12,84;1,14;0,46;21,63;15,12;8,78;7,45;11,30;3,57;0,55;1,13;7,00;-0,58;1,47;8,86;3,57;7,82;0,40;0,59;0,41;9,35;13,29;12.059.788,81;36,68;3,25;-0,30;24.769.771.912,50
CPLE3;8,06;4,15;12,38;1,10;0,44;21,63;15,12;8,78;7,19;11,30;3,57;0,55;1,09;6,75;-0,56;1,47;8,86;3,57;7,82;0,40;0,59;0,41;9,35;13,29;76.050.951,07;7,34;0,65;-0,29;24.769.771.912,50
CPLE5;26,00;1,73;39,99;3,54;1,43;21,63;15,12;8,78;23,21;11,30;3,57;0,55;3,51;21,80;-1,80;1,47;8,86;3,57;7,82;0,40;0,59;0,41;9,35;13,29;13.536,90;7,34;0,65;-0,94;24.769.771.912,50
CPLE6;8,49;4,33;13,06;1,16;0,47;21,63;15,12;8,78;7,58;11,30;3,57;0,55;1,15;7,12;-0,59;1,47;8,86;3,57;7,82;0,40;0,59;0,41;9,35;13,29;148.407.429,48;7,34;0,65;-0,31;24.769.771.912,50
CRFB3;10,16;3,41;17,18;1,07;0,25;19,08;4,56;1,16;4,36;8,30;3,71;0,91;0,20;-5,34;-0,43;0,90;6,23;1,43;9,76;0,23;0,75;1,24;15,40;-4,71;134.048.022,52;9,57;0,60;-0,33;21.583.509.821,44
CRIV4;5,78;4,11;31,88;0,56;0,04;24,35;0,58;0,95;52,75;52,85;;;0,30;0,09;-0,08;68,86;1,77;0,13;;0,07;0,92;0,14;18,33;-22,13;15.609,00;10,23;0,18;-0,03;592.361.759,87
CRPG3;50,00;19,25;13,87;2,06;1,53;13,13;9,77;15,22;21,61;16,35;-1,44;-0,14;2,11;3,02;-4,40;4,52;14,88;11,04;9,18;0,74;0,26;0,73;7,16;5,78;21.501,00;24,23;3,60;-0,49;1.130.311.417,00
CRPG5;40,01;23,42;11,40;1,70;1,26;13,13;9,77;15,22;17,76;16,35;-1,44;-0,14;1,74;2,48;-3,62;4,52;14,88;11,04;9,18;0,74;0,26;0,73;7,16;5,78;318.654,89;24,23;3,60;-0,40;1.130.311.417,00
CRPG6;32,50;29,16;9,15;1,36;1,01;13,13;9,77;15,22;14,26;16,35;-1,44;-0,14;1,39;1,99;-2,91;4,52;14,88;11,04;9,18;0,74;0,26;0,73;7,16;5,78;399.230,22;24,23;3,60;-0,32;1.130.311.417,00
CSAB3;33,50;1,80;15,85;1,26;0,64;-64,90;2.145,03;3.749,88;27,70;34,11;;;594,18;4,07;-0,79;4,50;7,93;4,01;;0,51;0,49;0,00;-33,40;-4,28;7.814,25;26,65;2,11;0,50;311.040.000,00
CSAB4;47,50;1,39;22,47;1,78;0,90;-64,90;2.145,03;3.749,88;39,28;34,11;;;842,49;5,78;-1,13;4,50;7,93;4,01;;0,51;0,49;0,00;-33,40;-4,28;24.792,67;26,65;2,11;0,70;311.040.000,00
CSAN3;17,34;2,46;-28,23;1,82;0,24;24,70;24,32;-2,76;3,20;7,66;4,37;2,48;0,78;2,95;-0,30;1,65;-6,45;-0,86;9,34;0,13;0,66;0,31;38,95;;102.499.867,41;9,57;-0,62;0,23;32.627.574.926,12
CSED3;4,10;1,63;31,85;1,10;0,33;46,43;16,70;2,26;4,31;5,04;0,66;0,17;0,72;5,08;-0,43;1,41;3,46;1,04;14,78;0,30;0,70;0,46;15,05;-10,96;1.903.741,70;3,83;0,13;-2,19;1.548.945.733,44
CSMG3;18,02;8,23;6,35;0,91;0,51;39,51;22,15;16,06;4,60;6,87;2,16;0,43;1,02;17,44;-0,62;1,19;14,28;8,01;10,92;0,56;0,44;0,50;7,38;14,07;42.556.157,67;19,94;2,85;0,04;6.874.975.487,52
CSNA3;11,94;24,07;-27,20;0,87;0,19;25,51;9,10;-1,34;3,99;11,04;7,06;1,54;0,36;1,65;-0,29;1,53;-3,21;-0,71;6,05;0,22;0,75;0,53;19,08;;98.239.400,41;13,94;-0,45;0,23;16.112.041.456,05
CSRN3;24,40;6,98;6,87;2,67;0,76;31,85;26,54;16,42;4,25;6,99;2,23;1,40;1,13;-33,46;-0,98;0,91;38,87;11,01;20,58;0,28;0,72;0,67;10,30;26,04;17.232,13;9,17;3,56;1,07;4.260.245.507,56
CSRN5;28,25;6,66;7,93;3,08;0,87;31,85;26,54;16,42;4,91;6,99;2,23;1,40;1,30;-38,60;-1,13;0,91;38,87;11,01;20,58;0,28;0,72;0,67;10,30;26,04;11.835,00;9,17;3,56;1,24;4.260.245.507,56
CSRN6;27,60;6,82;7,74;3,01;0,85;31,85;26,54;16,42;4,79;6,99;2,23;1,40;1,27;-37,71;-1,10;0,91;38,87;11,01;20,58;0,28;0,72;0,67;10,30;26,04;6.135,75;9,17;3,56;1,21;4.260.245.507,56
CSUD3;16,25;6,05;8,28;1,70;1,12;38,91;20,38;15,10;6,14;6,58;0,15;0,04;1,25;27,45;-1,53;1,18;20,49;13,57;16,94;0,66;0,34;0,90;1,99;12,41;1.521.077,07;9,47;1,94;0,36;671.726.000,00
CURY3;15,76;1,71;11,71;4,79;1,63;37,70;19,83;15,61;9,22;9,12;-0,67;-0,35;1,83;3,31;-7,14;2,77;40,92;13,92;27,31;0,34;0,61;0,89;22,62;28,47;28.649.216,74;3,31;1,35;0,50;4.623.301.393,92
CXSE3;11,10;7,84;9,78;2,78;2,75;;;;8,73;8,34;-0,22;-0,07;;38,70;-3,00;7,44;28,48;28,16;27,16;0,99;0,01;0,00;;21,07;37.458.402,59;3,95;1,13;0,20;33.030.000.000,00
CYRE3;21,60;2,39;9,10;1,14;0,51;32,16;18,04;16,06;8,10;10,70;1,86;0,26;1,46;1,55;-1,07;2,65;12,49;5,58;7,01;0,45;0,51;0,35;15,15;;126.170.349,93;18,81;2,35;0,41;8.546.501.042,62
DEXP3;11,41;2,44;6,99;1,59;0,75;19,83;14,51;8,06;3,88;3,69;-0,21;-0,09;0,56;1,73;-2,08;3,06;22,78;10,68;19,71;0,47;0,44;1,33;34,10;12,80;933.044,52;6,92;1,58;-0,49;1.027.256.012,10
DEXP4;9,97;2,88;6,03;1,37;0,64;19,83;14,51;8,06;3,35;3,69;-0,21;-0,09;0,49;1,49;-1,80;3,06;22,78;10,68;19,71;0,47;0,44;1,33;34,10;12,80;47.361,67;6,92;1,58;-0,42;1.027.256.012,10
DIRR3;20,03;3,55;11,29;2,35;0,50;34,89;19,88;13,36;7,58;8,70;0,79;0,25;1,51;1,45;-0,97;3,61;20,83;4,46;13,08;0,21;0,76;0,33;23,53;;39.157.778,56;8,39;1,75;0,10;3.423.155.000,00
DXCO3;7,63;4,45;9,34;1,04;0,39;34,51;18,45;8,56;4,34;7,68;3,00;0,72;0,80;4,36;-0,56;1,40;11,08;4,14;11,43;0,37;0,62;0,48;16,29;29,31;37.058.389,15;7,35;0,81;-0,20;6.244.509.132,06
EALT3;8,30;2,59;5,96;0,84;0,35;22,14;10,71;6,67;3,71;6,00;2,01;0,45;0,40;-222,06;-0,55;1,00;14,12;5,94;14,09;0,42;0,58;0,89;23,92;0,44;4.840,69;9,86;1,39;-0,17;191.850.000,00
EALT4;9,14;2,71;6,25;0,88;0,37;22,14;10,71;6,67;3,89;6,00;2,01;0,45;0,42;-232,76;-0,58;1,00;14,12;5,94;14,09;0,42;0,58;0,89;23,92;0,44;95.863,11;9,86;1,39;-0,18;191.850.000,00
EGIE3;41,21;8,59;10,41;4,04;0,84;50,32;52,92;28,48;5,60;7,97;2,21;1,59;2,96;19,82;-1,04;1,28;38,82;8,04;18,88;0,21;0,77;0,28;11,18;10,08;62.666.449,15;10,22;3,97;0,12;33.697.815.662,00
EKTR3;34,00;10,63;6,90;2,09;0,64;26,84;21,56;11,25;3,60;6,28;2,47;1,43;0,78;12,20;-0,89;1,23;30,29;9,32;17,36;0,31;0,69;0,83;7,62;20,59;6.701,00;16,27;4,93;2,68;6.799.721.859,44
EKTR4;36,08;11,01;7,32;2,22;0,68;26,84;21,56;11,25;3,82;6,28;2,47;1,43;0,82;12,95;-0,95;1,23;30,29;9,32;17,36;0,31;0,69;0,83;7,62;20,59;17.658,00;16,27;4,93;2,84;6.799.721.859,44
ELET5;86,01;2,39;116,50;1,78;0,75;49,56;33,47;4,94;17,19;10,58;3,22;0,33;5,75;14,27;-0,90;1,47;1,53;0,65;6,84;0,42;0,58;0,13;2,97;;10.700,75;48,29;0,74;-1,67;79.915.924.182,94
ELET6;37,61;3,97;50,93;0,78;0,33;49,56;33,47;4,94;7,51;10,58;3,22;0,33;2,52;6,24;-0,39;1,47;1,53;0,65;6,84;0,42;0,58;0,13;2,97;;100.475.767,07;48,29;0,74;-0,73;79.915.924.182,94
EMAE4;64,58;3,07;34,42;2,14;1,18;10,30;-3,01;12,30;-140,73;-73,02;27,64;-0,42;4,24;3,00;-2,17;7,22;6,20;3,43;-2,42;0,55;0,45;0,28;20,52;-10,26;190.385,56;30,26;1,88;-0,83;1.809.595.853,90
ENBR3;24,08;5,90;14,20;1,25;0,38;30,13;19,68;5,63;4,07;7,01;2,95;0,91;0,80;-14,67;-0,50;0,91;8,82;2,65;10,44;0,30;0,67;0,47;6,98;10,00;27.666.157,79;19,22;1,70;-0,26;13.994.459.653,44
ENGI11;45,47;3,31;11,56;1,56;0,28;27,29;21,49;5,95;3,20;7,23;3,91;1,90;0,69;5,63;-0,39;1,23;13,50;2,45;11,24;0,18;0,77;0,41;14,21;23,39;88.688.144,89;29,03;3,92;-0,29;18.465.967.706,24
ENGI3;14,66;2,03;18,89;2,55;0,46;27,29;21,49;5,95;5,23;7,23;3,91;1,90;1,12;9,20;-0,63;1,23;13,50;2,45;11,24;0,18;0,77;0,41;14,21;23,39;91.152,93;5,81;0,78;-0,48;18.465.967.706,24
ENGI4;7,59;3,93;9,75;1,32;0,24;27,29;21,49;5,95;2,70;7,23;3,91;1,90;0,58;4,75;-0,33;1,23;13,50;2,45;11,24;0,18;0,77;0,41;14,21;23,39;141.065,07;5,81;0,78;-0,25;18.465.967.706,24
ENMT3;60,00;5,18;13,47;4,03;1,04;30,32;24,40;13,95;7,70;10,19;2,62;1,37;1,88;30,91;-1,44;1,14;29,93;7,71;17,79;0,26;0,74;0,55;13,11;189,75;197.068,08;14,87;4,45;-0,73;13.278.417.909,52
ENMT4;61,00;5,09;13,70;4,10;1,06;30,32;24,40;13,95;7,83;10,19;2,62;1,37;1,91;31,44;-1,46;1,14;29,93;7,71;17,79;0,26;0,74;0,55;13,11;189,75;25.750,79;14,87;4,45;-0,75;13.278.417.909,52
EQPA3;6,24;7,99;7,73;3,65;1,06;32,48;24,63;19,48;6,11;7,76;1,65;0,98;1,51;8,98;-1,58;1,55;47,23;13,68;23,46;0,29;0,71;0,70;10,57;24,03;20.484,00;1,73;0,82;0,26;13.935.781.614,94
EQPA5;8,41;5,99;10,32;4,87;1,41;32,48;24,63;19,48;8,16;7,76;1,65;0,98;2,01;11,99;-2,11;1,55;47,23;13,68;23,46;0,29;0,71;0,70;10,57;24,03;841,00;1,73;0,82;0,35;13.935.781.614,94
EQPA7;7,00;7,19;8,59;4,06;1,17;32,48;24,63;19,48;6,79;7,76;1,65;0,98;1,67;9,98;-1,76;1,55;47,23;13,68;23,46;0,29;0,71;0,70;10,57;24,03;700,00;1,73;0,82;0,29;13.935.781.614,94
EQTL3;31,15;1,14;21,34;1,89;0,37;29,31;19,04;4,82;5,40;10,82;5,16;1,81;1,03;5,42;-0,49;1,38;8,85;1,72;9,29;0,19;0,77;0,36;24,50;10,54;199.082.859,52;16,23;1,44;-0,43;35.116.344.845,40
ETER3;8,95;4,39;7,01;0,79;0,45;27,61;8,29;6,56;5,55;6,53;0,77;0,11;0,46;1,49;-0,95;2,36;11,26;6,43;11,02;0,57;0,43;0,98;12,27;;2.697.900,00;11,24;1,27;-0,11;547.958.220,25
EUCA3;16,00;4,57;5,61;0,68;0,37;31,82;12,73;9,82;4,33;5,43;1,64;0,26;0,55;2,69;-0,59;1,61;12,13;6,63;11,36;0,55;0,45;0,68;15,81;43,97;27.116,79;23,09;2,80;-0,17;1.248.873.683,60
EUCA4;12,49;6,40;4,41;0,53;0,29;31,82;12,73;9,82;3,40;5,43;1,64;0,26;0,43;2,11;-0,46;1,61;12,13;6,63;11,36;0,55;0,45;0,68;15,81;43,97;404.914,85;23,09;2,80;-0,13;1.248.873.683,60
EVEN3;6,37;2,40;9,24;0,65;0,19;21,48;6,45;5,53;7,92;8,44;-0,05;0,00;0,51;0,36;-0,94;2,92;7,02;2,07;2,59;0,29;0,58;0,37;10,85;;7.583.497,85;9,63;0,68;-0,63;1.312.500.000,00
EZTC3;20,81;1,34;17,99;1,00;0,80;31,07;18,56;23,45;22,73;25,48;-0,49;-0,02;4,22;2,44;-1,36;5,14;5,56;4,46;3,17;0,80;0,19;0,19;2,72;-6,64;53.210.650,93;20,71;1,15;-0,48;4.578.894.214,16
FESA3;60,00;6,03;8,28;1,75;1,37;35,06;24,01;24,15;8,33;5,57;-1,05;-0,22;2,00;4,19;-2,39;4,20;21,19;16,52;15,92;0,78;0,22;0,68;23,14;20,39;21.015,44;36,46;7,73;-0,22;4.783.705.600,00
FESA4;46,88;8,62;6,37;1,35;1,05;35,06;24,01;24,15;6,41;5,57;-1,05;-0,22;1,54;3,23;-1,84;4,20;21,19;16,52;15,92;0,78;0,22;0,68;23,14;20,39;10.848.975,26;36,46;7,73;-0,17;4.783.705.600,00
FIQE3;3,82;3,29;11,72;1,32;0,70;44,99;24,91;15,06;7,09;6,76;-0,55;-0,10;1,77;7,14;-1,00;1,48;11,26;5,93;10,78;0,53;0,47;0,39;;;1.058.249,89;2,91;0,33;1,93;1.390.270.498,56
FLRY3;14,26;3,24;26,52;1,54;0,68;27,08;14,42;5,72;10,53;15,48;4,44;0,65;1,52;10,51;-0,89;1,37;5,79;2,57;7,09;0,44;0,56;0,45;13,37;-1,64;48.251.669,48;9,31;0,54;-1,79;7.830.227.152,35
FRAS3;14,78;2,85;13,38;2,09;1,02;32,90;13,86;8,88;8,56;8,05;-0,26;-0,06;1,19;2,75;-2,50;2,64;15,59;7,59;13,27;0,49;0,51;0,86;29,71;35,77;7.893.289,07;7,02;1,09;0,28;3.953.039.261,52
GEPA3;26,50;11,72;7,63;1,25;0,71;43,92;38,51;23,81;4,72;5,67;1,07;0,29;1,82;-4,87;-0,82;0,48;16,42;9,30;14,04;0,57;0,43;0,39;-1,18;6,80;10.673,13;21,86;3,59;0,02;2.487.372.674,22
GEPA4;25,81;12,44;7,19;1,18;0,67;43,92;38,51;23,81;4,45;5,67;1,07;0,29;1,71;-4,59;-0,77;0,48;16,42;9,30;14,04;0,57;0,43;0,39;-1,18;6,80;16.099,05;21,86;3,59;0,02;2.487.372.674,22
GGBR3;23,51;14,03;4,31;0,84;0,56;19,11;18,52;12,54;2,92;3,58;0,46;0,13;0,54;2,06;-0,95;2,94;19,52;12,96;18,54;0,66;0,33;1,03;17,42;;1.203.945,26;27,87;5,44;-0,10;43.446.911.102,02
GGBR4;25,20;12,96;4,67;0,91;0,60;19,11;18,52;12,54;3,16;3,58;0,46;0,13;0,59;2,23;-1,03;2,94;19,52;12,96;18,54;0,66;0,33;1,03;17,42;;272.720.854,19;27,87;5,44;-0,11;43.446.911.102,02
GGPS3;17,64;1,46;20,93;4,25;1,28;17,33;10,80;5,68;11,01;12,03;0,53;0,20;1,19;3,60;-3,01;2,63;20,31;6,12;13,31;0,30;0,70;1,08;;;45.306.577,93;4,18;0,85;0,69;11.951.187.347,26
GOAU3;11,51;9,96;3,76;0,69;0,16;19,11;18,44;4,20;0,86;1,26;0,39;0,32;0,16;0,57;-0,28;3,03;18,39;4,28;18,11;0,23;0,33;1,02;17,42;;591.100,67;16,83;3,10;-0,09;12.057.619.958,66
GOAU4;11,59;9,94;3,77;0,69;0,16;19,11;18,44;4,20;0,86;1,26;0,39;0,32;0,16;0,57;-0,28;3,03;18,39;4,28;18,11;0,23;0,33;1,02;17,42;;82.286.889,15;16,83;3,10;-0,09;12.057.619.958,66
GRND3;6,79;20,89;11,11;1,83;1,67;42,35;9,28;22,64;27,11;24,87;-2,90;-0,20;2,51;3,14;-4,29;7,66;16,52;15,03;5,87;0,91;0,09;0,66;2,21;-3,36;9.214.795,59;3,74;0,62;-0,96;6.188.817.600,00
HBOR3;2,74;3,26;8,91;0,27;0,07;27,82;16,65;3,87;2,07;11,38;9,08;1,19;0,35;0,14;-0,21;3,62;3,04;0,76;3,64;0,25;0,60;0,20;11,84;;3.957.875,52;10,35;0,31;-0,25;374.783.001,60
HBTS5;48,20;6,01;3,68;0,77;0,30;89,64;133,89;118,82;3,26;4,71;1,15;0,27;4,37;-8,61;-0,35;0,77;20,89;8,29;16,33;0,40;0,60;0,07;49,55;;26.960,30;62,76;13,11;-0,35;440.243.713,40
HYPE3;38,32;3,20;14,07;2,21;1,02;63,19;32,65;21,45;9,24;12,53;2,91;0,70;3,02;6,24;-1,54;1,96;15,70;7,29;12,07;0,46;0,54;0,34;16,61;12,45;110.578.689,48;17,44;2,74;0,51;24.399.370.101,96
IGTI11;20,19;1,80;29,32;2,02;1,12;60,23;49,05;25,61;15,31;13,92;3,56;0,47;7,51;8,03;-1,41;3,22;6,91;3,82;7,27;0,55;0,44;0,15;7,95;29,39;68.801.116,00;10,05;0,69;-0,08;5.374.618.760,50
IGTI3;2,71;1,92;11,76;0,81;0,45;60,23;49,05;25,61;6,14;13,92;3,56;0,47;3,01;3,22;-0,56;3,22;6,91;3,82;7,27;0,55;0,44;0,15;7,95;29,39;157.193,85;3,35;0,23;-0,03;5.374.618.760,50
IGTI4;8,74;1,79;37,77;2,61;1,44;60,23;49,05;25,61;19,73;13,92;3,56;0,47;9,68;10,34;-1,81;3,22;6,91;3,82;7,27;0,55;0,44;0,15;7,95;29,39;7.363,60;3,35;0,23;-0,11;5.374.618.760,50
INTB3;22,00;1,83;13,63;3,01;1,53;30,50;11,80;12,24;14,14;13,93;-0,66;-0,14;1,67;3,36;-5,90;2,59;22,12;11,22;14,41;0,51;0,49;0,92;23,09;23,75;16.687.208,81;7,36;1,63;0,36;7.269.690.530,90
ITSA3;9,11;6,28;6,69;1,15;0,87;34,55;199,77;169,98;5,69;6,28;0,32;0,07;11,37;20,31;-1,00;1,49;17,26;12,97;16,31;0,75;0,21;0,08;11,30;10,26;1.692.721,78;7,92;1,37;-221,99;87.876.450.485,45
ITSA4;9,02;6,37;6,59;1,14;0,85;34,55;199,77;169,98;5,60;6,28;0,32;0,07;11,20;20,00;-0,98;1,49;17,26;12,97;16,31;0,75;0,21;0,08;11,30;10,26;230.574.184,41;7,92;1,37;-218,59;87.876.450.485,45
ITUB3;22,85;5,37;7,09;1,25;0,09;32,97;11,01;9,29;5,98;6,87;;;0,66;;-0,09;;17,65;1,30;;0,07;0,92;0,14;13,63;6,36;18.346.412,41;18,24;3,22;0,38;242.580.705.648,57
ITUB4;26,80;4,59;8,30;1,46;0,11;32,97;11,01;9,29;7,00;6,87;;;0,77;;-0,11;;17,65;1,30;;0,07;0,92;0,14;13,63;6,36;735.055.181,52;18,24;3,22;0,45;242.580.705.648,57
JALL3;8,65;5,19;3,15;1,27;0,40;30,21;51,55;42,37;2,59;5,26;2,67;1,31;1,34;1,92;-0,61;2,53;40,16;12,66;16,71;0,32;0,68;0,30;;;9.149.859,26;6,74;2,71;;2.513.766.186,23
JBSS3;18,38;10,82;8,82;0,97;0,21;-4,09;-3,86;1,26;-2,89;-8,59;-5,65;1,89;0,11;1,90;-0,33;1,43;10,97;2,34;-12,57;0,21;0,77;1,85;18,10;54,13;169.302.655,37;19,10;2,10;-0,11;40.990.790.517,60
JHSF3;4,83;8,91;6,97;0,64;0,30;55,96;44,96;27,67;4,29;7,74;3,17;0,47;1,93;1,41;-0,44;3,42;9,21;4,35;7,66;0,47;0,49;0,16;39,82;;16.258.660,07;7,41;0,68;-0,15;3.233.603.855,16
JOPA3;21,00;3,91;15,52;0,39;0,10;19,66;4,75;0,65;2,13;8,39;6,24;1,14;0,10;0,31;-0,35;1,78;2,51;0,64;5,08;0,25;0,66;0,98;16,21;-5,65;45.863,08;53,87;1,35;-0,25;223.911.091,40
JOPA4;33,80;2,67;24,98;0,63;0,16;19,66;4,75;0,65;3,43;8,39;6,24;1,14;0,16;0,51;-0,57;1,78;2,51;0,64;5,08;0,25;0,66;0,98;16,21;-5,65;3.380,00;53,87;1,35;-0,40;223.911.091,40
JSLG3;8,42;2,81;6,61;1,46;0,25;18,43;17,19;5,43;2,09;6,58;4,33;3,03;0,36;2,99;-0,33;1,48;22,07;3,74;15,26;0,17;0,83;0,69;-3,66;;1.912.828,81;5,75;1,27;0,08;2.403.156.744,42
KEPL3;11,20;9,92;6,58;3,08;1,69;34,29;25,06;19,31;5,07;4,76;-0,27;-0,17;1,27;5,51;-4,65;1,93;46,85;25,67;36,97;0,55;0,45;1,33;25,71;;17.523.948,96;3,72;1,74;0,54;2.061.389.891,10
KLBN11;22,16;6,25;5,54;2,14;0,51;46,97;32,16;23,06;3,97;7,18;3,08;1,66;1,28;4,69;-0,67;1,86;38,54;9,22;11,49;0,24;0,71;0,40;19,06;53,54;88.635.664,59;10,49;4,04;0,31;25.168.159.546,88
KLBN3;4,45;6,25;5,54;2,14;0,51;46,97;32,16;23,06;3,97;7,18;3,08;1,66;1,28;4,69;-0,67;1,86;38,54;9,22;11,49;0,24;0,71;0,40;19,06;53,54;1.690.117,52;2,10;0,81;0,31;25.168.159.546,88
KLBN4;4,45;6,22;5,57;2,15;0,51;46,97;32,16;23,06;3,99;7,18;3,08;1,66;1,28;4,71;-0,67;1,86;38,54;9,22;11,49;0,24;0,71;0,40;19,06;53,54;10.522.158,15;2,10;0,81;0,31;25.168.159.546,88
LAND3;20,17;6,79;13,02;2,74;2,10;94,09;67,86;150,05;28,80;35,82;1,28;0,12;19,54;-42,26;-2,12;0,19;21,03;16,09;-2,85;0,76;0,24;0,11;;;1.909.845,96;7,29;1,53;0,02;1.920.690.161,52
LAVV3;8,43;3,65;10,39;1,31;0,79;33,64;19,83;21,54;11,29;8,54;-3,32;-0,39;2,24;1,33;-3,46;4,33;12,60;7,62;8,46;0,60;0,35;0,35;122,69;;6.467.705,22;6,16;0,78;0,43;1.608.246.877,12
LEVE3;48,00;9,14;8,66;4,29;2,03;29,06;19,56;15,85;7,02;6,68;0,22;0,13;1,37;6,70;-5,47;1,93;49,55;23,47;34,33;0,47;0,53;1,48;13,28;24,38;16.571.849,15;11,11;5,51;0,22;6.117.749.280,00
LIPR3;73,00;3,24;37,47;4,04;3,78;;;;41,82;40,93;-0,89;-0,09;;34,50;-4,30;11,06;10,78;10,10;9,33;0,94;0,06;0,00;;-10,18;7.300,00;18,07;1,95;-6,00;858.836.897,00
LOGG3;19,12;4,72;8,82;0,55;0,32;98,61;140,74;91,28;5,72;10,17;4,58;0,44;8,05;3,49;-0,38;2,36;6,18;3,61;5,86;0,59;0,41;0,04;16,90;43,17;6.585.290,56;35,67;2,20;-0,19;1.985.973.953,76
LREN3;15,56;4,65;14,70;1,54;0,75;59,99;7,71;7,63;14,55;15,04;-0,56;-0,06;1,12;2,99;-1,84;1,73;10,46;5,09;7,95;0,49;0,51;0,67;12,26;6,76;367.487.276,00;10,08;1,05;-1,36;14.939.650.661,43
MELK3;4,19;8,01;10,62;0,72;0,36;20,11;5,20;7,61;15,55;13,74;-3,12;-0,14;0,81;0,64;-2,00;3,11;6,74;3,35;1,78;0,50;0,46;0,44;17,62;2,47;1.184.950,85;5,79;0,39;-0,42;856.017.765,15
MERC4;7,25;6,21;-36,31;0,53;0,47;70,52;-11,19;-7,54;-24,49;-39,94;;;2,74;8,04;-0,50;;-1,45;-1,31;;0,90;0,10;0,17;-29,95;;6.271,75;13,81;-0,20;0,28;212.314.406,95
MILS3;13,00;1,70;13,21;2,40;1,21;64,57;31,89;19,10;7,91;9,21;1,29;0,39;2,52;5,25;-1,87;2,83;18,18;9,15;15,55;0,50;0,50;0,48;30,26;;13.423.242,37;5,43;0,99;0,37;3.209.404.393,68
MOAR3;380,00;1,29;5,62;2,99;1,57;;;;3,97;3,23;-0,21;-0,16;;5,35;-2,66;3,50;53,22;27,86;39,35;0,52;0,48;0,00;;42,45;188.171,90;127,00;67,59;0,00;4.655.463.980,00
MODL3;3,08;1,42;-29,78;1,82;0,29;50,83;-5,11;-5,48;-31,96;-29,26;;;1,63;;-0,32;;-6,10;-0,97;;0,16;0,84;0,18;;;18.194.928,05;1,70;-0,10;0,19;1.985.844.000,00
MOVI3;12,15;3,44;38,94;1,45;0,21;33,44;19,87;1,09;2,14;7,77;5,46;3,71;0,43;2,32;-0,28;1,63;3,73;0,54;12,01;0,15;0,85;0,50;31,22;11,54;46.004.976,85;8,48;0,32;-0,44;4.467.184.720,38
MRFG3;7,45;12,46;-2,97;1,19;0,04;11,10;1,10;-1,17;3,17;31,86;28,67;10,74;0,03;0,87;-0,06;1,14;-39,99;-1,28;1,44;0,03;0,82;1,09;66,77;;113.163.702,59;6,14;-2,46;0,02;4.818.000.000,00
MRSA3B;26,78;2,18;8,69;1,52;0,62;42,70;35,70;17,70;4,31;5,43;1,54;0,54;1,54;-17,70;-0,73;0,81;17,48;7,12;15,94;0,41;0,59;0,40;9,87;17,84;21.424,00;17,63;3,08;0,08;9.105.200.000,00
MRSA5B;26,78;2,40;8,69;1,52;0,62;42,70;35,70;17,70;4,31;5,43;1,54;0,54;1,54;-17,70;-0,73;0,81;17,48;7,12;15,94;0,41;0,59;0,40;9,87;17,84;8.034,00;17,63;3,08;0,08;9.105.200.000,00
MRSA6B;26,39;2,44;8,56;1,50;0,61;42,70;35,70;17,70;4,24;5,43;1,54;0,54;1,52;-17,45;-0,72;0,81;17,48;7,12;15,94;0,41;0,59;0,40;9,87;17,84;5.278,00;17,63;3,08;0,08;9.105.200.000,00
MRVE3;11,72;1,71;-54,19;1,08;0,28;20,68;-0,38;-1,75;-248,17;-540,64;-286,47;1,25;0,95;1,15;-0,53;2,06;-2,00;-0,51;-0,48;0,26;0,71;0,29;6,86;;109.866.933,78;10,71;-0,21;0,45;6.513.238.755,63
MTRE3;5,14;18,13;5,49;0,52;0,25;24,30;10,97;12,11;6,07;10,79;4,56;0,39;0,67;0,48;-1,20;2,85;9,49;4,51;4,21;0,47;0,51;0,37;69,15;;8.419.587,96;9,72;0,92;0,02;536.278.337,40
MTSA3;77,00;3,05;7,16;1,62;1,24;30,78;15,40;13,02;6,05;4,12;-0,84;-0,22;0,93;2,21;-5,47;3,60;22,64;17,26;18,07;0,76;0,24;1,33;27,16;48,38;7.700,00;47,51;10,75;0,19;560.090.610,00
MTSA4;52,00;5,02;4,79;1,08;0,83;30,78;15,40;13,02;4,05;4,12;-0,84;-0,22;0,62;1,48;-3,66;3,60;22,64;17,26;18,07;0,76;0,24;1,33;27,16;48,38;107.559,41;47,51;10,75;0,13;560.090.610,00
MULT3;24,94;3,41;16,95;2,19;1,40;91,73;72,64;46,15;10,77;12,50;1,38;0,28;7,82;94,66;-1,60;1,13;12,91;8,23;13,57;0,64;0,36;0,18;9,22;18,95;99.707.856,56;11,34;1,46;0,50;14.910.884.917,50
MYPK3;14,47;3,44;-77,77;0,59;0,16;8,78;5,06;-0,18;2,71;7,23;4,54;0,99;0,14;0,97;-0,32;1,45;-0,76;-0,20;6,92;0,26;0,71;1,14;17,75;;20.785.552,44;24,63;-0,19;0,74;2.235.082.998,54
NEOE3;18,20;6,38;4,66;0,79;0,23;29,33;21,98;10,69;2,27;6,14;3,78;1,31;0,50;6,09;-0,32;1,16;16,86;5,00;12,64;0,30;0,70;0,47;15,85;63,34;22.246.738,96;23,07;3,89;0,33;22.006.144.106,24
NGRD3;1,22;1,19;23,30;0,65;0,43;63,75;-4,11;4,65;-26,40;-14,35;14,38;-0,35;1,08;1,69;-0,77;2,37;2,78;1,84;-4,01;0,66;0,34;0,40;10,18;10,25;1.331.503,07;1,91;0,05;0,03;295.941.289,20
ODER4;99,47;1,71;9,40;2,32;1,34;31,01;18,23;14,59;7,52;8,45;0,93;0,29;1,37;2,67;-4,50;3,52;24,73;14,26;20,17;0,58;0,42;0,98;18,87;47,44;9.450,50;42,80;10,59;0,57;1.122.728.433,82
ODPV3;10,45;3,02;12,90;4,30;2,78;47,47;28,54;22,18;10,02;9,31;-0,54;-0,23;2,86;-28,61;-3,47;0,67;33,32;21,57;28,63;0,65;0,35;0,97;5,77;-2,04;16.547.952,63;2,46;0,82;1,10;5.850.929.071,17
OFSA3;22,20;2,81;70,40;1,84;0,94;49,32;13,77;1,73;8,83;10,21;1,02;0,21;1,22;2,42;-2,47;2,66;2,61;1,33;4,99;0,51;0,49;0,77;15,56;-14,59;247.396,56;12,32;0,32;-0,83;1.219.247.535,60
PARD3;20,25;1,26;36,76;5,30;2,10;26,45;13,31;6,98;19,27;19,93;0,66;0,18;2,57;-54,06;-3,28;0,90;14,42;5,70;14,80;0,40;0,60;0,82;13,44;2,56;7.882.065,83;3,82;0,55;-1,04;5.403.493.010,25
PATI3;24,50;1,93;24,45;0,71;0,34;8,48;2,93;1,22;10,17;8,88;-1,43;-0,10;0,30;0,69;-1,53;2,74;2,89;1,40;2,77;0,48;0,52;1,15;23,42;7,19;19.156,00;35,33;1,02;-0,29;608.551.832,14
PATI4;34,99;6,02;34,22;0,99;0,48;8,48;2,93;1,22;14,23;8,88;-1,43;-0,10;0,42;0,97;-2,14;2,74;2,89;1,40;2,77;0,48;0,52;1,15;23,42;7,19;3.399,50;35,33;1,02;-0,40;608.551.832,14
PEAB3;33,69;1,42;18,98;0,62;0,49;78,71;33,63;46,29;26,13;34,87;-6,76;-0,16;8,79;1,70;-0,72;14,66;3,29;2,60;1,82;0,79;0,21;0,06;-34,50;-9,21;14.978,20;53,93;1,78;0,05;689.802.923,04
PETR3;36,51;25,02;3,09;1,30;0,49;50,63;40,34;26,89;2,06;2,83;0,93;0,59;0,83;-32,69;-0,57;0,90;42,19;15,79;25,62;0,37;0,62;0,59;17,72;;478.715.477,44;28,42;11,99;-0,97;463.803.502.354,26
PETR4;33,31;27,61;2,80;1,18;0,44;50,63;40,34;26,89;1,87;2,83;0,93;0,59;0,75;-29,62;-0,51;0,90;42,19;15,79;25,62;0,37;0,62;0,59;17,72;;1.615.892.212,41;28,42;11,99;-0,88;463.803.502.354,26
PFRM3;3,68;4,74;14,75;0,38;0,10;14,66;2,59;0,37;2,11;6,28;4,04;0,72;0,05;0,49;-0,33;1,40;2,56;0,67;8,43;0,26;0,67;1,80;13,77;;480.329,33;9,69;0,25;-0,22;453.154.749,18
PGMN3;3,84;4,89;-9,92;0,79;0,21;31,85;5,54;-1,68;3,00;5,45;2,34;0,61;0,17;1,31;-0,41;1,47;-7,92;-2,10;12,24;0,27;0,73;1,25;9,03;;3.714.159,59;4,84;-0,38;0,04;1.762.554.323,00
PINE3;4,15;3,91;7,78;0,82;0,04;11,37;6,36;5,85;7,16;6,90;;;0,45;-4,70;-0,07;0,98;10,60;0,55;;0,05;0,95;0,09;8,44;;415,00;5,03;0,53;0,04;739.401.114,87
PINE4;3,72;4,31;7,05;0,75;0,04;11,37;6,36;5,85;6,48;6,90;;;0,41;-4,26;-0,06;0,98;10,60;0,55;;0,05;0,95;0,09;8,44;;2.244.816,96;5,03;0,53;0,03;739.401.114,87
PLPL3;10,50;1,57;10,34;4,01;1,10;33,20;13,97;11,80;8,73;9,41;0,95;0,44;1,22;1,85;-7,98;3,27;38,78;10,68;18,48;0,28;0,72;0,91;;;12.180.633,41;2,55;0,99;0,12;2.089.538.880,00
PNVL3;11,99;1,82;22,19;1,63;0,66;31,09;3,52;1,96;12,35;18,26;5,43;0,72;0,44;3,78;-1,53;1,44;7,34;2,97;6,82;0,40;0,60;1,51;12,06;6,68;5.493.879,00;7,49;0,55;-92,34;1.833.101.493,39
POMO3;4,91;6,10;6,78;1,45;0,65;19,81;9,47;11,01;7,88;10,92;1,79;0,33;0,75;2,11;-1,53;2,13;21,41;9,56;8,69;0,45;0,55;0,87;13,49;57,34;2.723.901,37;3,43;0,74;0,05;5.568.953.216,94
POMO4;6,33;4,76;8,69;1,86;0,83;19,81;9,47;11,01;10,11;10,92;1,79;0,33;0,96;2,71;-1,97;2,13;21,41;9,56;8,69;0,45;0,55;0,87;13,49;57,34;40.144.541,78;3,43;0,74;0,07;5.568.953.216,94
PORT3;12,65;3,74;15,08;2,43;1,00;44,46;27,15;15,48;8,60;12,58;3,83;1,08;2,33;422,27;-1,16;1,02;16,08;6,65;10,35;0,41;0,59;0,43;7,48;9,73;5.316.624,78;5,18;0,83;0,24;5.526.260.584,00
POSI3;7,83;6,35;5,40;0,83;0,30;28,20;13,05;5,62;2,32;4,31;1,79;0,64;0,30;0,72;-1,50;2,07;15,32;5,53;18,12;0,36;0,64;0,98;21,15;;14.612.523,52;9,80;1,50;16,06;1.148.580.000,00
PRNR3;11,49;2,24;21,29;1,97;0,62;23,92;12,34;2,12;3,65;5,04;1,60;0,86;0,45;2,89;-1,35;1,65;9,25;2,90;19,10;0,31;0,67;1,37;28,03;;2.905.564,26;5,85;0,54;-7,82;448.612.203,21
PSSA3;26,16;2,60;9,02;1,47;0,32;100,00;5,43;6,15;10,21;3,73;-6,86;-0,99;0,55;4,80;-0,96;1,11;16,29;3,55;9,55;0,22;0,78;0,58;10,41;11,14;50.050.565,19;17,72;2,89;0,08;16.843.566.863,00
PTBL3;5,84;3,42;104,81;2,32;0,28;40,43;8,24;0,39;4,93;10,25;4,88;2,29;0,41;8,71;-0,49;1,08;2,21;0,27;10,11;0,12;0,88;0,70;16,49;-33,63;10.684.243,74;2,65;0,06;-1,09;865.659.480,04
PTNT3;12,00;2,66;12,55;1,56;0,67;16,97;9,45;5,31;7,05;7,05;1,79;0,40;0,67;3,18;-1,40;1,68;12,43;5,35;9,58;0,43;0,49;1,01;11,78;13,24;20.098,00;7,70;0,96;-0,31;474.063.251,20
PTNT4;8,88;3,62;9,20;1,14;0,49;16,97;9,45;5,31;5,17;7,05;1,79;0,40;0,49;2,34;-1,03;1,68;12,43;5,35;9,58;0,43;0,49;1,01;11,78;13,24;153.690,00;7,70;0,96;-0,22;474.063.251,20
QUAL3;3,24;2,36;-4.700,93;0,69;0,21;77,18;13,35;-0,01;3,86;9,78;5,53;0,99;0,52;8,15;-0,30;1,09;-0,01;0,00;6,60;0,30;0,70;0,40;-1,22;;13.986.408,52;4,86;0,00;46,98;954.288.132,00
RAIZ4;3,71;6,25;15,32;1,69;0,35;6,80;3,87;1,11;4,39;8,00;3,57;1,38;0,17;14,60;-0,60;1,06;11,03;2,27;12,39;0,21;0,79;2,05;;;80.263.154,44;2,21;0,24;-1,19;38.718.385.470,16
RANI3;11,09;8,31;5,42;2,09;0,71;46,90;41,51;29,87;3,90;5,27;1,44;0,77;1,62;3,02;-1,13;2,70;38,49;13,06;16,12;0,34;0,66;0,44;14,44;;9.595.198,11;5,20;2,00;0,14;2.672.998.611,15
RAPT3;9,74;5,20;6,81;1,11;0,26;25,11;12,03;4,20;2,38;5,14;2,37;1,10;0,29;0,83;-0,61;2,17;16,22;3,80;12,11;0,23;0,67;0,90;30,59;59,09;173.379,93;8,91;1,45;-0,23;3.820.634.416,31
RAPT4;12,27;4,07;8,69;1,41;0,33;25,11;12,03;4,20;3,03;5,14;2,37;1,10;0,36;1,06;-0,78;2,17;16,22;3,80;12,11;0,23;0,67;0,90;30,59;59,09;26.237.570,41;8,91;1,45;-0,29;3.820.634.416,31
RDNI3;5,33;2,71;-67,12;0,38;0,10;24,68;8,66;-0,56;4,34;17,50;13,02;1,13;0,38;0,80;-0,15;1,71;-0,56;-0,15;2,47;0,27;0,72;0,27;18,15;;97.693,07;14,21;-0,08;0,52;233.293.076,64
RECV3;22,08;4,89;6,37;1,47;0,94;40,93;34,59;33,72;6,21;6,46;-0,17;-0,04;2,15;-44,75;-1,15;0,90;23,12;14,74;18,86;0,64;0,36;0,44;;;65.902.970,00;14,71;3,40;0,11;6.357.314.637,60
REDE3;5,90;9,30;9,38;3,22;0,46;28,44;21,67;8,61;3,73;6,77;2,97;2,57;0,81;10,75;-0,63;1,19;34,34;4,93;16,31;0,14;0,79;0,57;10,99;63,59;41.161,52;1,80;0,62;-0,57;12.218.772.335,46
RENT3;60,30;2,37;49,40;2,59;0,90;30,00;20,02;5,08;12,52;18,37;5,27;1,09;2,51;19,86;-1,17;1,24;5,24;1,81;8,23;0,35;0,65;0,36;24,03;20,86;360.391.998,89;23,46;1,23;-1,32;64.427.509.326,88
ROMI3;12,82;7,85;5,14;1,03;0,52;32,50;17,85;14,09;4,05;6,03;1,83;0,46;0,72;1,61;-1,32;2,10;20,09;10,04;12,06;0,50;0,50;0,71;18,80;42,41;6.944.580,93;12,38;2,49;1,53;1.133.133.754,65
RPAD5;7,51;6,65;10,45;0,59;0,58;;;;11,87;10,49;-1,14;-0,06;;11,00;-0,62;16,67;5,60;5,58;4,82;1,00;0,00;0,00;;6,93;5.123,15;12,83;0,72;0,10;630.515.854,30
RSUL4;64,00;4,62;5,87;2,37;1,12;40,14;27,72;17,12;3,62;1,13;-0,37;-0,24;1,00;3,96;-2,36;2,16;40,34;19,04;42,77;0,47;0,53;1,11;26,29;12,15;210.756,22;26,61;10,74;0,62;157.174.222,75
SANB11;26,55;6,45;10,02;0,89;0,10;15,73;7,32;10,21;13,99;14,65;;;1,02;;-0,10;;8,92;0,98;;0,11;0,89;0,10;10,04;2,29;39.677.277,33;29,88;2,67;-0,27;100.142.882.186,11
SANB3;12,50;6,51;9,45;0,84;0,09;15,73;7,32;10,21;13,20;14,65;;;0,97;;-0,09;;8,92;0,98;;0,11;0,89;0,10;10,04;2,29;1.931.447,67;14,94;1,33;-0,25;100.142.882.186,11
SANB4;14,03;6,38;10,61;0,95;0,10;15,73;7,32;10,21;14,81;14,65;;;1,08;;-0,11;;8,92;0,98;;0,11;0,89;0,10;10,04;2,29;2.731.686,63;14,94;1,33;-0,28;100.142.882.186,11
SAPR11;22,80;8,09;5,01;0,75;0,39;60,18;34,84;23,19;3,33;5,58;2,17;0,49;1,16;8,25;-0,45;1,47;15,03;7,72;10,93;0,51;0,49;0,33;7,96;14,79;20.120.407,52;30,11;4,52;0,23;6.845.761.001,07
SAPR3;4,33;7,93;4,73;0,71;0,37;60,18;34,84;23,19;3,15;5,58;2,17;0,49;1,10;7,79;-0,43;1,47;15,03;7,72;10,93;0,51;0,49;0,33;7,96;14,79;1.187.555,96;6,02;0,91;0,22;6.845.761.001,07
SAPR4;4,61;8,21;5,03;0,76;0,39;60,18;34,84;23,19;3,35;5,58;2,17;0,49;1,17;8,29;-0,46;1,47;15,03;7,72;10,93;0,51;0,49;0,33;7,96;14,79;8.738.006,52;6,02;0,91;0,23;6.845.761.001,07
SBFG3;6,94;1,97;13,62;0,73;0,21;48,22;6,05;1,89;4,27;11,41;6,73;1,15;0,26;1,18;-0,42;1,53;5,36;1,52;7,42;0,28;0,72;0,80;26,04;-12,36;45.100.667,52;9,44;0,51;-0,17;1.681.453.962,00
SBSP3;57,68;2,20;12,31;1,38;0,69;34,52;21,29;13,52;7,82;11,21;3,25;0,57;1,66;-210,77;-0,77;0,97;11,18;5,59;8,17;0,50;0,50;0,41;8,59;4,99;151.274.615,37;42,06;4,70;0,38;39.575.221.415,10
SHUL4;7,45;3,42;8,40;2,23;1,16;28,44;19,28;14,95;6,51;45,57;0,13;0,04;1,26;2,80;-3,23;2,84;26,54;13,84;19,47;0,52;0,48;0,93;24,97;51,23;2.897.974,48;3,35;0,89;0,19;18.611.721.203,32
SIMH3;9,40;1,65;38,57;2,53;0,13;28,97;19,09;0,71;1,43;7,36;5,87;10,44;0,27;0,95;-0,19;1,87;6,57;0,34;11,41;0,05;0,90;0,49;27,43;;28.687.087,52;3,76;0,25;-0,53;7.981.643.293,68
SLCE3;39,60;7,37;9,83;1,71;0,58;29,46;22,43;10,34;4,53;6,61;1,88;0,71;1,02;2,36;-1,15;1,99;17,39;5,93;16,21;0,34;0,64;0,57;34,00;20,93;57.335.568,93;23,38;4,07;-0,25;9.055.261.077,10
SMTO3;38,55;4,30;13,36;2,29;0,72;31,37;30,95;16,17;6,98;10,22;3,39;1,11;2,16;4,41;-1,03;2,17;17,16;5,39;11,29;0,31;0,69;0,33;14,04;15,59;66.024.828,44;16,70;2,87;-0,41;13.551.553.674,12
SOMA3;7,52;1,32;19,46;0,80;0,56;56,65;8,85;6,00;13,20;16,33;2,68;0,16;1,17;3,30;-0,82;2,16;4,10;2,87;4,24;0,70;0,30;0,48;36,69;31,09;126.186.677,63;9,61;0,39;-1,05;6.011.164.877,18
SOND5;50,00;12,19;7,50;2,21;1,33;40,78;17,50;10,01;4,29;2,76;-1,13;-0,58;0,75;3,60;-3,85;2,29;29,45;17,73;24,27;0,60;0,40;1,77;23,50;38,59;9.700,00;22,63;6,67;1,89;119.479.560,00
SOND6;45,00;13,54;6,75;1,99;1,20;40,78;17,50;10,01;3,86;2,76;-1,13;-0,58;0,68;3,24;-3,46;2,29;29,45;17,73;24,27;0,60;0,40;1,77;23,50;38,59;4.278,00;22,63;6,67;1,70;119.479.560,00
STBP3;8,98;9,14;20,89;3,58;1,77;44,75;30,07;19,38;13,47;12,94;-0,31;-0,08;4,05;50,24;-2,15;1,25;17,12;8,49;18,43;0,50;0,50;0,44;18,58;;35.961.917,78;2,52;0,43;16,31;7.794.816.728,38
SUZB3;49,00;3,60;2,84;1,55;0,48;48,04;44,12;47,37;3,05;5,65;2,53;1,29;1,35;2,84;-0,66;2,56;54,50;16,79;13,43;0,31;0,69;0,35;36,49;66,62;208.522.642,67;32,16;17,53;0,03;66.007.263.107,75
TAEE11;34,30;9,92;10,05;1,76;0,62;70,93;77,68;49,81;6,45;11,07;4,45;1,21;5,01;4,87;-0,77;3,03;17,46;6,21;10,59;0,36;0,64;0,12;19,43;12,49;74.377.049,33;19,42;3,39;-0,23;11.740.522.750,56
TAEE3;11,39;9,96;10,02;1,75;0,62;70,93;77,68;49,81;6,42;11,07;4,45;1,21;4,99;4,86;-0,77;3,03;17,46;6,21;10,59;0,36;0,64;0,12;19,43;12,49;2.606.082,63;6,47;1,13;-0,23;11.740.522.750,56
TAEE4;11,46;9,92;10,05;1,76;0,62;70,93;77,68;49,81;6,45;11,07;4,45;1,21;5,01;4,87;-0,77;3,03;17,46;6,21;10,59;0,36;0,64;0,12;19,43;12,49;4.810.919,04;6,47;1,13;-0,23;11.740.522.750,56
TASA3;15,11;9,18;6,24;1,82;0,94;40,56;21,22;14,27;4,20;4,69;0,53;0,23;0,89;4,49;-2,30;1,55;29,14;15,04;20,55;0,52;0,48;1,05;29,58;;258.092,26;8,36;2,44;-0,12;1.928.050.961,60
TASA4;15,22;9,16;6,26;1,82;0,94;40,56;21,22;14,27;4,21;4,69;0,53;0,23;0,89;4,50;-2,30;1,55;29,14;15,04;20,55;0,52;0,48;1,05;29,58;;8.160.283,15;8,36;2,44;-0,12;1.928.050.961,60
TECN3;3,24;2,49;4,84;0,64;0,37;55,06;16,52;14,03;4,11;4,00;-0,04;-0,01;0,68;0,74;-1,03;4,32;13,16;7,57;10,41;0,57;0,43;0,54;0,65;;681.551,44;5,18;0,68;0,12;233.990.509,50
TFCO4;12,93;1,44;111,21;33,44;20,78;58,01;22,39;17,90;88,92;16,26;0,42;0,16;19,90;42,48;-73,33;3,15;30,07;18,68;25,50;0,62;0,38;1,04;22,58;26,89;2.078.694,52;0,39;0,12;6,01;2.079.528.379,53
TGMA3;24,76;6,32;8,95;2,06;1,46;20,10;15,04;12,06;7,18;7,40;-0,29;-0,08;1,08;4,91;-2,82;2,62;23,01;16,31;17,84;0,71;0,29;1,35;4,80;12,17;6.517.814,96;12,13;2,79;0,14;1.650.072.875,00
TIMS3;14,43;5,92;17,16;1,37;0,62;50,20;15,48;8,83;9,78;10,61;0,41;0,06;1,51;-8,73;-0,75;0,70;7,99;3,63;11,38;0,45;0,55;0,41;5,81;10,40;95.233.524,07;10,46;0,84;-0,69;34.738.543.111,30
TKNO4;64,98;6,30;6,58;0,70;0,57;20,70;14,32;10,54;4,84;4,28;-0,75;-0,11;0,69;1,48;-1,22;3,65;10,69;8,70;12,50;0,81;0,19;0,83;19,94;;11.373,00;92,42;9,88;-0,11;198.928.713,45
TOTS3;27,85;1,58;35,34;3,91;1,57;70,45;17,30;12,00;24,52;23,80;-1,39;-0,22;4,24;6,45;-3,81;1,71;11,05;4,45;8,35;0,40;0,57;0,37;11,23;39,19;124.651.791,96;7,12;0,79;1,94;17.170.036.095,42
TRIS3;5,44;2,58;10,60;0,76;0,37;25,60;31,39;10,47;3,53;6,30;2,54;0,55;1,11;0,77;-1,44;2,83;7,17;3,50;10,90;0,49;0,49;0,33;11,47;21,81;8.095.927,78;7,02;0,50;0,64;994.671.477,54
TRPL3;31,90;3,37;8,77;1,19;0,61;60,07;64,90;43,32;5,85;7,26;2,08;0,42;3,80;8,17;-0,72;1,93;13,53;6,94;11,94;0,51;0,48;0,16;15,07;11,65;50.420,11;26,57;3,60;-0,54;17.831.650.076,64
TRPL4;24,12;4,39;6,73;0,91;0,47;60,07;64,90;43,32;4,49;7,26;2,08;0,42;2,91;6,27;-0,55;1,93;13,53;6,94;11,94;0,51;0,48;0,16;15,07;11,65;44.821.833,19;26,57;3,60;-0,41;17.831.650.076,64
TUPY3;25,95;4,53;8,38;1,22;0,39;17,79;6,67;4,10;5,15;8,15;3,03;0,72;0,34;1,22;-1,00;2,06;14,57;4,62;10,28;0,32;0,68;1,13;22,39;24,17;19.714.943,41;21,56;3,14;4,82;3.794.751.800,00
UCAS3;2,60;6,98;10,07;0,89;0,57;34,46;4,87;7,46;15,45;14,73;-1,32;-0,08;0,75;38,95;-0,84;1,05;8,85;5,70;5,06;0,64;0,36;0,76;9,24;;129.616,26;2,92;0,26;-0,18;171.824.546,40
UGPA3;18,32;1,91;14,89;1,69;0,60;5,48;2,33;1,01;6,48;9,31;2,70;0,70;0,15;2,51;-1,16;1,97;11,34;4,00;9,73;0,35;0,63;3,95;12,42;-2,72;80.862.950,15;10,85;1,23;-0,87;20.430.692.816,80
UNIP3;71,99;8,68;9,59;2,88;1,28;38,90;24,82;12,50;4,83;5,11;-0,02;-0,01;1,20;6,30;-2,15;2,00;30,02;13,34;25,49;0,44;0,55;1,07;19,21;20,95;874.507,26;25,12;7,54;-0,14;8.022.407.047,18
UNIP5;84,50;8,25;11,20;3,36;1,49;38,90;24,82;12,50;5,64;5,11;-0,02;-0,01;1,40;7,36;-2,52;2,00;30,02;13,34;25,49;0,44;0,55;1,07;19,21;20,95;23.112,70;25,12;7,54;-0,16;8.022.407.047,18
UNIP6;79,98;8,64;10,59;3,18;1,41;38,90;24,82;12,50;5,34;5,11;-0,02;-0,01;1,32;6,96;-2,38;2,00;30,02;13,34;25,49;0,44;0,55;1,07;19,21;20,95;15.403.251,19;25,12;7,54;-0,16;8.022.407.047,18
USIM3;7,00;4,21;24,29;0,38;0,22;10,73;0,96;1,21;30,66;33,55;3,31;0,04;0,29;0,63;-0,43;3,97;1,54;0,92;-0,49;0,60;0,34;0,76;24,78;9,47;1.132.263,19;18,92;0,29;-0,26;8.814.688.903,20
USIM5;6,84;4,73;23,78;0,37;0,22;10,73;0,96;1,21;30,01;33,55;3,31;0,04;0,29;0,61;-0,42;3,97;1,54;0,92;-0,49;0,60;0,34;0,76;24,78;9,47;57.391.398,89;18,92;0,29;-0,25;8.814.688.903,20
USIM6;16,31;2,02;55,80;0,86;0,51;10,73;0,96;1,21;70,42;33,55;3,31;0,04;0,68;1,44;-0,98;3,97;1,54;0,92;-0,49;0,60;0,34;0,76;24,78;9,47;3.262,00;18,92;0,29;-0,59;8.814.688.903,20
VALE3;66,71;5,94;5,42;1,65;0,70;39,09;30,44;27,58;4,91;5,36;0,68;0,23;1,49;32,14;-0,84;1,15;30,45;12,91;19,95;0,42;0,56;0,47;15,85;26,43;1.828.504.019,44;41,20;12,54;-0,12;308.334.784.909,40
VAMO3;10,70;2,60;17,43;3,03;0,64;43,44;33,78;11,48;5,92;11,05;4,58;2,34;2,00;4,98;-0,87;2,00;17,38;3,70;13,60;0,21;0,79;0,32;64,03;53,16;88.776.445,52;3,54;0,62;0,46;11.849.402.625,37
VBBR3;18,22;3,96;30,23;1,70;0,55;3,20;1,30;0,42;9,70;14,81;5,01;0,88;0,13;1,72;-1,13;2,64;5,61;1,82;7,32;0,32;0,68;4,35;16,50;-8,98;179.021.756,78;11,00;0,62;-0,41;21.738.900.000,00
VITT3;12,21;2,80;13,28;2,99;1,98;39,73;19,32;16,68;11,47;12,42;1,12;0,29;2,22;5,48;-4,88;2,55;22,53;14,90;16,97;0,66;0,34;0,89;;;3.006.062,15;3,93;0,89;2,49;1.682.257.498,32
VIVA3;27,33;1,35;17,03;3,54;2,15;69,78;21,01;18,83;15,26;16,71;0,03;0,01;3,21;5,65;-5,22;2,81;20,76;12,60;20,40;0,61;0,39;0,67;;;83.922.950,85;7,64;1,59;2,28;6.377.339.763,00
VIVT3;41,97;5,67;16,65;1,01;0,57;42,96;13,84;8,43;10,13;12,40;2,02;0,20;1,40;-25,76;-0,69;0,89;6,05;3,42;6,88;0,56;0,44;0,41;2,14;-2,01;82.785.445,70;41,34;2,50;-0,53;69.303.773.413,46
VLID3;19,05;3,48;9,23;1,17;0,58;39,32;18,84;8,63;4,23;5,21;1,28;0,35;0,80;2,38;-1,11;2,03;12,68;6,28;15,27;0,49;0,49;0,73;3,60;42,70;8.551.903,52;15,79;2,00;0,05;1.512.336.210,00
VULC3;20,65;2,98;9,32;2,63;1,83;39,23;18,67;19,83;9,90;10,27;0,20;0,05;1,85;3,65;-5,79;3,71;28,24;19,59;20,83;0,69;0,31;0,99;14,97;23,13;12.044.335,00;7,70;2,17;0,20;4.984.722.265,88
VVEO3;17,70;1,54;27,75;2,45;0,65;16,23;6,00;2,05;9,46;13,64;3,76;0,97;0,57;2,56;-1,45;1,83;8,82;2,33;9,96;0,26;0,74;1,14;;;13.480.448,89;7,36;0,65;-1,04;5.810.770.944,00
WEGE3;35,45;1,63;32,78;10,08;5,18;30,38;17,84;14,85;27,29;27,50;-0,40;-0,15;4,87;16,55;-17,09;1,82;30,74;15,81;24,36;0,51;0,47;1,06;25,71;31,96;226.959.547,85;3,54;1,09;1,53;149.844.252.528,60
WHRL3;4,85;3,99;20,04;2,95;0,81;15,89;7,10;3,25;9,18;8,06;-0,97;-0,31;0,65;15,64;-2,72;1,08;14,73;4,02;17,66;0,27;0,73;1,24;12,32;-4,20;18.739,38;1,59;0,23;-0,35;7.000.657.856,74
WHRL4;4,58;4,48;19,61;2,89;0,79;15,89;7,10;3,25;8,99;8,06;-0,97;-0,31;0,64;15,31;-2,66;1,08;14,73;4,02;17,66;0,27;0,73;1,24;12,32;-4,20;52.783,00;1,59;0,23;-0,34;7.000.657.856,74
WIZC3;6,16;7,20;9,41;2,38;0,42;58,20;36,98;10,49;2,67;2,72;0,12;0,10;0,99;-9,12;-0,55;0,84;25,32;4,42;21,69;0,17;0,59;0,42;12,37;-8,01;4.966.351,19;2,59;0,66;-0,57;988.227.002,76
WLMM3;25,17;3,14;8,08;1,40;0,97;12,56;7,05;5,11;5,86;7,22;-0,01;0,00;0,41;2,63;-2,54;2,48;17,35;12,01;13,80;0,69;0,31;2,35;32,16;;27.369,64;17,94;3,11;0,67;1.161.028.547,90
WLMM4;37,99;2,32;12,04;2,09;1,45;12,56;7,05;5,11;8,73;7,22;-0,01;0,00;0,62;3,92;-3,78;2,48;17,35;12,01;13,80;0,69;0,31;2,35;32,16;;101.981,93;17,94;3,11;0,99;1.161.028.547,90
