TICKER;PRECO;ULTIMO DIVIDENDO;DY;VALOR PATRIMONIAL COTA;P/VP;LIQUIDEZ MEDIA DIARIA;PERCENTUAL EM CAIXA;CAGR DIVIDENDOS 3 ANOS; CAGR VALOR CORA 3 ANOS;PATRIMONIO;N COTISTAS;GESTAO; N COTAS
ABCP11;67,89;0,500000;8,35;91,86;0,74;69.929,48;1,53;13,18;-5,08;432.552.807,00;17.906,00;Passiva;4.709.082,00
AFHI11;97,80;1,050000;12,90;95,95;1,02;1.187.180,65;2,10;;;289.711.187,37;22.313,00;Ativa;3.019.453,00
AIEC11;68,79;0,760000;13,20;94,79;0,73;733.822,06;2,54;9,48;;457.355.067,47;15.564,00;Ativa;4.824.987,00
ALMI11;736,00;0,371133;0,00;2.030,94;0,36;50.133,59;2,24;;-14,49;225.793.787,83;2.367,00;Passiva;111.177,00
ALZC11;0,00;;0,00;;;;;;;;;;1.000.000,00
ALZM11;95,50;0,709000;11,71;92,47;1,03;201.326,29;4,39;;;63.914.467,84;3.772,00;Ativa;691.192,00
ALZR11;116,88;0,825000;12,36;106,44;1,10;2.060.711,06;30,00;30,79;-5,82;1.049.505.903,99;139.441,00;Ativa;9.860.406,00
ANCR11B;3.466,00;42,077240;2,95;3.617,53;0,96;3.466,00;1,41;;;1.719.470.359,03;62,00;Ativa;475.316,00
APTO11;9,93;0,100000;12,33;10,39;0,96;47.609,87;8,79;;;41.681.540,67;9.181,00;Ativa;4.012.857,00
APXM11;118,70;;0,00;95,10;1,25;173.924,65;16,67;;;167.379.884,46;255,00;;1.760.000,00
AQLL11;385,03;;0,00;980,41;0,39;;0,01;;-1,26;142.961.004,61;58,00;Ativa;145.817,00
ARFI11B;479,99;;0,00;651,70;0,74;;1,52;;;74.329.618,05;28,00;Ativa;114.054,00
AROA11;0,00;0,004300;0,00;1,07;;;0,49;;;172.335.466,72;51,00;Ativa;161.251.790,00
ARRI11;8,81;0,100000;15,32;9,00;0,98;300.934,06;2,49;3,73;2,84;117.478.338,91;27.459,00;Ativa;13.056.237,00
ARXD11;102,00;1,100000;5,88;101,48;1,01;2.945,70;2,37;;;49.935.288,14;63,00;Ativa;492.050,00
ASMT11;48,42;0,770000;9,54;84,24;0,57;12.668,90;2,65;;;85.699.208,49;495,00;Ativa;1.017.316,00
ASRF11;0,00;256,328699;0,00;9.997,23;;;100,03;;;23.993.347,80;55,00;Ativa;2.400,00
ATCR11;0,00;0,302644;0,00;85,01;;;0,52;;;78.966.948,98;33,00;Ativa;928.908,00
ATSA11;57,98;0,050000;0,52;81,87;0,71;2.534,69;1,48;1,98;-19,94;143.373.897,92;278,00;Passiva;1.751.141,00
ATWN11;0,00;;0,00;587,71;;;1,86;;;94.479.026,76;2,00;Passiva;160.757,00
AURB11;0,00;0,400000;0,00;82,94;;;1,60;;;73.036.842,34;5,00;Ativa;880.560,00
BARI11;83,67;0,600000;12,87;97,37;0,86;759.834,87;6,18;-11,08;-7,60;451.240.748,31;38.446,00;Ativa;4.634.191,00
BBFI11B;984,00;7,425908;24,32;2.147,67;0,46;176.507,61;7,95;-8,01;-25,87;279.197.329,42;8.141,00;Passiva;130.000,00
BBFO11;73,05;0,620000;11,16;82,73;0,88;340.577,74;0,40;;;331.238.334,63;5.767,00;Passiva;4.003.900,00
BBIM11;0,00;0,100000;0,00;31,36;;;2,50;-22,05;;32.454.158,63;20,00;Ativa;1.035.000,00
BBPO11;95,59;0,900000;11,38;99,86;0,96;1.950.207,87;3,56;-5,09;-11,84;1.589.767.576,61;74.723,00;Passiva;15.919.690,00
BBRC11;114,00;1,130000;10,88;108,05;1,06;120.016,55;5,05;4,62;-8,78;171.801.353,71;9.625,00;Passiva;1.590.000,00
BCFF11;71,81;0,560000;9,36;77,46;0,93;3.163.028,71;4,26;3,22;-7,59;1.950.882.562,14;302.111,00;Ativa;25.186.378,00
BCIA11;102,75;0,830000;9,14;110,18;0,93;823.836,61;3,50;7,12;-6,12;409.760.254,70;18.931,00;Ativa;3.719.038,00
BCRI11;69,80;0,800000;15,07;97,78;0,71;652.346,03;8,25;-8,45;-13,65;611.878.566,65;48.012,00;Ativa;6.257.873,00
BICE11;980,00;7,880000;13,43;987,76;0,99;27.531,00;7,33;;;89.204.724,32;115,00;Ativa;90.310,00
BICR11;82,03;0,520000;12,26;102,36;0,80;1.128,04;35,62;43,70;-6,37;51.182.080,30;529,00;Ativa;500.000,00
BIME11;7,45;0,080000;12,35;8,75;0,85;55.595,97;4,45;;;51.169.258,37;8.791,00;Ativa;5.845.602,00
BIPD11;0,00;10,380000;0,00;988,86;;;5,96;;;48.175.100,60;110,00;Ativa;48.718,00
BLCA11;124,51;0,570000;5,46;136,13;0,91;1.401,47;3,98;;;217.802.295,64;214,00;Ativa;1.600.000,00
BLCP11;91,00;0,563428;0,62;111,74;0,81;103.127,50;1,06;;-4,96;256.580.339,90;279,00;Ativa;2.296.282,00
BLMC11;81,95;0,790000;12,47;100,37;0,82;17.288,24;10,75;;;40.097.779,50;446,00;Ativa;399.500,00
BLMG11;60,39;0,700000;15,07;87,59;0,69;562.645,29;1,06;;;333.768.702,70;13.661,00;Ativa;3.810.588,00
BLMO11;18.898,00;102,000000;4,08;33.385,52;0,57;293.719,33;2,29;;;126.764.811,09;93,00;Ativa;3.797,00
BLMR11;7,15;0,060000;10,98;8,12;0,88;400.472,68;0,86;;;207.511.287,43;19.089,00;Ativa;25.541.630,00
BLUR11;100,00;1,030000;12,36;95,34;1,05;1.630,69;3,84;;;8.580.360,32;103,00;Ativa;90.000,00
BMII11;0,00;0,228341;0,00;471,14;;;0,87;;;67.703.080,78;12,00;Passiva;143.700,00
BMLC11;106,01;0,760000;11,42;110,81;0,96;34.252,61;17,32;20,48;4,63;110.629.236,31;1.505,00;Ativa;998.405,00
BNFS11;122,00;1,490392;14,55;91,78;1,33;132.406,19;6,35;12,49;-1,00;64.243.804,66;4.627,00;Ativa;700.000,00
BPFF11;72,10;0,620000;10,43;78,35;0,92;355.901,84;5,55;4,50;-3,96;351.989.535,10;18.670,00;Ativa;4.492.326,00
BPLC11;0,00;14,420464;0,00;9.934,18;;;3,49;;;317.893.761,16;114,00;Ativa;32.000,00
BPML11;76,40;0,270465;2,28;132,41;0,58;253.022,32;2,31;;-8,58;570.021.556,31;1.512,00;Passiva;4.305.079,00
BPRP11;96,10;0,900000;11,15;109,15;0,88;2.053,00;0,21;4,76;-8,14;147.332.908,30;174,00;Passiva;1.349.837,00
BRCO11;126,21;0,870000;7,32;120,85;1,04;3.273.300,74;4,06;8,91;-0,37;1.785.988.780,45;113.767,00;Ativa;14.778.781,00
BRCR11;62,47;0,410000;8,82;100,64;0,62;1.805.909,23;0,81;-0,82;-11,82;2.680.791.488,63;155.212,00;Ativa;26.638.202,00
BREV11;104,99;0,580000;7,73;117,73;0,89;183.450,34;3,25;8,81;3,38;113.864.559,59;332,00;Ativa;967.201,00
BRHT11B;86,80;;0,00;71,27;1,22;;16,52;;;131.259.862,94;11,00;Ativa;1.841.677,00
BRIM11;1.030,22;28,910000;17,23;1.121,86;0,92;;4,02;;;139.264.314,34;222,00;Ativa;124.137,00
BRIP11;950,01;6,030000;12,88;1.170,97;0,81;1.583,33;1,13;;;252.314.860,96;253,00;Ativa;215.475,00
BRIX11;0,00;;0,00;1.022,03;;;6,92;;;100.154.419,41;54,00;Ativa;97.996,00
BRLA11;147,95;0,816167;8,75;156,79;0,94;169.913,25;0,05;;;495.911.210,39;275,00;Passiva;3.162.838,00
BROF11;67,51;0,530000;3,60;106,18;0,64;960.996,42;0,42;;;1.232.813.903,40;7.200,00;Ativa;11.610.812,00
BROL11;0,00;;0,00;;;;;;;;;;5.500.000,00
BRSE11;0,00;;0,00;2.755,43;;;202,61;;;5.510.860,87;12,00;Ativa;2.000,00
BTAL11;88,50;0,730000;10,92;104,59;0,85;861.272,58;2,70;;;625.743.281,02;44.569,00;Ativa;5.982.736,00
BTCI11;9,65;0,101000;12,83;10,30;0,94;2.236.659,06;12,80;10,27;-54,27;1.024.811.117,16;98.616,00;Ativa;99.521.172,00
BTCR11;88,00;0,900000;2,05;95,27;0,92;652.774,65;8,00;32,78;0,89;458.252.683,73;16.934,00;Ativa;4.810.097,00
BTLG11;104,75;0,760000;8,52;98,16;1,07;6.554.309,39;4,63;6,43;-0,30;2.067.981.417,09;224.480,00;Ativa;21.066.892,00
BTRA11;71,16;0,560000;13,41;119,02;0,60;626.440,26;8,01;;;400.439.049,61;21.761,00;Ativa;3.364.559,00
BTSG11;139,08;0,920000;7,57;137,73;1,01;1.321,00;0,82;;;106.746.178,22;64,00;Ativa;775.015,00
BTSI11;104,00;0,730000;6,21;122,02;0,85;45.700,00;0,06;;;257.872.154,20;107,00;Ativa;2.113.342,00
BTWR11;107,00;0,430000;6,04;111,90;0,96;428,00;0,99;;;90.558.210,00;66,00;Ativa;809.269,00
BVAR11;0,00;13,040000;0,00;1.055,35;;;0,93;10,61;;660.164.096,37;69,00;Passiva;625.540,00
BZEL11;0,00;5,092421;0,00;117,42;;;0,04;;;415.436.735,50;3,00;Ativa;3.538.046,00
BZLI11;17,00;;0,00;10,50;1,62;855,10;0,18;;3,80;446.563.350,42;19,00;Ativa;42.510.905,00
CACR11;105,29;1,430000;16,75;103,39;1,02;672.646,68;27,82;12,17;-2,18;186.873.763,85;11.308,00;;1.807.434,00
CARE11;1,83;0,008385;0,00;8,32;0,22;9.177,45;0,05;;-22,95;297.666.193,03;12.008,00;Ativa;35.769.919,00
CBOP11;31,75;0,120000;11,18;73,80;0,43;53.951,55;1,37;-17,36;-26,25;104.424.568,13;3.382,00;Passiva;1.415.000,00
CCLB11;0,00;;0,00;0,00;;;;;;0,00;0,00;Ativa;0,00
CCME11;108,39;0,900000;9,16;102,02;1,06;14.803,67;3,73;;;306.443.211,76;148,00;Ativa;3.003.830,00
CCRF11;96,55;1,075734;10,15;98,33;0,98;617.242,67;1,52;;;154.570.326,66;318,00;Ativa;1.571.900,00
CEOC11;48,84;0,434875;14,42;78,32;0,62;105.339,39;2,31;10,40;-15,63;142.200.308,68;4.856,00;Passiva;1.815.696,00
CFHI11;0,00;36,511390;0,00;649,22;;;3,58;;;61.416.447,92;54,00;Ativa;94.600,00
CFII11;0,00;;0,00;1.063,81;;;38,59;;;75.589.217,43;57,00;Ativa;71.055,00
CIXR11;0,00;;0,00;;;;;;;;;;2.834.551,00
CJCT11;67,50;0,080000;0,83;66,15;1,02;31.393,75;1,79;;4,00;207.716.568,66;1.145,00;Passiva;3.140.000,00
CJFI11;0,00;;0,00;2,82;;;2,40;;;148.172.766,80;1,00;Ativa;52.601.278,00
CNES11;23,35;0,073995;5,42;90,76;0,26;15.073,48;5,12;-12,36;-29,42;267.683.433,14;1.728,00;Ativa;2.949.248,00
COPP11;100,00;;0,00;100,61;0,99;5.650.000,00;1,15;;;159.273.624,66;14,00;Ativa;1.583.087,00
CPFF11;77,38;0,700000;8,44;83,99;0,92;416.132,71;0,05;-10,27;-0,27;214.439.976,69;10.240,00;Ativa;2.553.074,00
CPFO11;0,00;;0,00;31,43;;;2,66;;;89.099.931,59;528,00;Ativa;2.834.551,00
CPSH11;119,99;1,100000;1,83;115,13;1,04;17.928,00;1,12;;;259.904.912,03;216,00;;2.257.492,00
CPTS11;89,49;0,790000;10,38;90,97;0,98;8.432.014,35;2,09;-7,76;-2,07;2.891.181.369,43;228.373,00;Ativa;31.782.814,00
CRFF11;81,56;0,630000;9,15;90,37;0,90;38.621,97;11,73;12,50;-0,20;62.362.307,70;1.557,00;Ativa;690.040,00
CSMC11;0,00;20,665812;0,00;1.061,14;;;3,82;;;551.123.998,20;1,00;Ativa;519.370,00
CTNP11;0,00;;0,00;;;;;;;;;;0,00
CTXT11;12,62;0,010000;0,00;31,49;0,40;1.875,39;2,23;-23,80;-36,32;107.324.174,13;2.898,00;Passiva;3.408.174,00
CVBI11;92,40;0,900000;12,20;96,58;0,96;2.397.121,42;7,21;-5,56;0,67;1.063.338.891,97;80.329,00;Ativa;11.010.228,00
CVPR11;0,00;0,800000;0,00;100,58;;;8,08;;;14.081.160,90;2,00;Ativa;140.000,00
CXAG11;82,43;0,710000;11,15;115,55;0,71;129.163,32;0,34;;;241.567.834,64;11.823,00;Ativa;2.090.621,00
CXCE11B;42,50;0,416293;11,68;65,30;0,65;31.560,65;6,38;-23,23;-24,09;111.854.473,67;3.762,00;Passiva;1.712.950,00
CXCI11;89,40;0,850000;11,22;97,55;0,92;100.296,68;3,61;;;200.740.763,05;5.356,00;Ativa;2.057.726,00
CXCO11;78,39;0,738300;11,92;99,11;0,79;241.193,77;1,06;;;388.964.047,75;13.830,00;Passiva;3.924.500,00
CXRI11;81,70;0,570000;8,26;91,55;0,89;43.436,52;6,39;-1,20;-21,74;144.265.006,25;2.305,00;Ativa;1.575.760,00
CXTL11;293,00;1,989949;6,20;414,87;0,71;13.118,00;3,38;18,47;-4,65;22.235.708,87;764,00;Passiva;53.597,00
CYCR11;9,32;0,100000;13,16;9,83;0,95;297.928,32;12,81;;;160.381.714,53;13.345,00;Ativa;16.315.840,00
CYLD11;0,00;;0,00;100,76;;;31,80;;;103.993.452,70;46,00;Ativa;1.032.105,00
DAMT11B;19,02;0,081450;4,78;13,18;1,44;833,48;0,95;;;96.266.043,23;581,00;Passiva;7.305.341,00
DEVA11;40,20;0,470000;21,97;96,22;0,42;2.479.747,87;2,63;;;1.351.401.436,46;137.685,00;Ativa;14.044.908,00
DLMT11;0,00;0,004929;0,00;0,64;;;4,33;;;8.509.714,12;9,00;Ativa;13.225.796,00
DMAC11;13,00;4,894618;0,00;4,99;2,61;;105,14;;-67,79;778.257,90;2.352,00;Passiva;156.108,00
DOMC11;439,00;;0,00;99,17;4,43;;0,56;;-2,18;242.344.280,94;1.185,00;Ativa;2.443.800,00
DOVL11B;1.200,69;9,525611;6,87;1.182,69;1,02;33.619,00;5,21;17,11;;78.537.574,20;60,00;Ativa;66.406,00
DPRO11;92,99;0,650000;11,97;96,80;0,96;2.131,25;1,76;;;35.963.741,09;146,00;Ativa;371.522,00
DRIT11B;91,00;0,290000;8,45;132,63;0,69;931,67;18,13;23,93;-13,78;61.446.184,81;353,00;Ativa;463.277,00
DVFF11;85,40;0,800000;10,48;96,09;0,89;113.705,42;5,65;;;105.791.331,18;696,00;Ativa;1.100.950,00
EDFO11B;187,55;1,763585;11,08;180,72;1,04;6.222,94;1,78;6,64;-11,10;42.649.779,25;543,00;Passiva;236.000,00
EDGA11;20,00;0,070000;6,78;61,24;0,33;35.479,68;1,03;-9,50;-12,88;233.462.987,56;5.571,00;Passiva;3.812.055,00
EGYR11;8,35;;0,00;123,68;0,07;10.643,10;0,00;;;93.361.078,71;25,00;Passiva;754.861,00
ELDO11B;762,38;0,410000;13,05;1.439,57;0,53;;0,25;-1,49;;1.133.307.436,46;60,00;Passiva;787.256,00
EQIR11;9,70;0,110000;23,81;9,91;0,98;224.988,03;2,23;;;49.815.807,79;5.754,00;Ativa;5.025.000,00
ERCR11;76.000,00;139,449698;0,18;57.113,15;1,33;;0,23;;;135.700.836,15;10,00;Passiva;2.376,00
ERPA11;120,00;0,720000;7,04;136,44;0,88;72.425,83;1,05;;;68.348.147,51;361,00;Passiva;500.922,00
ESTQ11;0,00;;0,00;0,05;;;40,81;;;3.154.407,53;5,00;Ativa;65.361.974,00
EURO11;246,50;1,880000;9,06;325,24;0,76;40.495,65;1,54;10,36;4,81;124.873.196,46;2.429,00;Passiva;383.936,00
EVBI11;98,00;0,750000;9,30;98,00;1,00;217.567,35;7,28;;;211.079.442,48;1.047,00;Ativa;2.153.893,00
EXES11;88,00;1,051868;9,88;92,66;0,95;2.992,00;39,57;;;44.225.425,80;53,00;Ativa;477.269,00
FAED11;163,38;1,514257;11,42;217,63;0,75;142.134,90;1,75;8,79;-8,03;139.756.822,13;4.690,00;Passiva;642.168,00
FAGL11;0,00;;0,00;;;;;;;;;;3.000.000,00
FAMB11B;1.014,98;9,160000;0,00;2.905,33;0,35;99.019,79;0,40;-9,82;-31,08;309.002.614,25;2.636,00;Passiva;106.357,00
FARU11;0,00;;0,00;;;;;;;;;;8.000.000,00
FATN11;93,25;0,850000;10,90;99,63;0,94;390.407,97;1,58;10,02;-2,51;126.514.231,52;2.317,00;Ativa;1.269.818,00
FCAS11;0,00;0,121915;0,00;60,79;;;186,17;;;80.684.223,04;2,00;Passiva;1.327.300,00
FCFL11;116,20;0,780000;8,22;116,22;1,00;159.354,39;0,67;9,63;1,39;403.741.891,82;3.634,00;Ativa;3.474.010,00
FGPM11;0,00;;0,00;;;;;;;;;;0,00
FIGS11;62,62;0,450000;8,26;75,95;0,82;181.496,84;0,97;23,87;-0,19;216.457.542,22;15.034,00;Passiva;2.850.000,00
FIIB11;516,00;3,750000;8,18;461,60;1,12;181.881,32;1,05;5,25;1,54;316.198.267,73;16.703,00;Passiva;685.000,00
FIIP11B;174,52;1,440000;9,44;203,21;0,86;87.307,94;1,17;8,57;-2,62;188.411.207,67;7.747,00;Passiva;927.162,00
FINF11;0,00;0,252589;0,00;40,77;;;2,37;-1,89;;33.439.698,24;4,00;Ativa;820.112,00
FISC11;165,00;0,440000;2,63;115,22;1,43;;1,77;;21,79;195.865.393,97;62,00;Ativa;1.699.996,00
FISD11;0,00;6,526269;0,00;66,52;;;10,82;;;71.343.896,64;24,00;Ativa;1.072.588,00
FIVN11;4,00;;0,00;7,68;0,52;17.530,03;0,00;;-3,27;72.272.338,99;3.927,00;Passiva;9.412.630,00
FLCR11;96,40;0,950000;13,24;98,91;0,97;73.379,06;16,16;;;62.671.125,84;2.780,00;Ativa;633.604,00
FLMA11;139,98;0,820000;7,71;159,81;0,88;74.572,19;1,36;24,73;-1,80;220.651.347,80;15.624,00;Ativa;1.380.670,00
FLRP11;1.980,00;13,500000;8,09;1.824,88;1,09;19.060,96;1,89;43,79;13,12;119.040.327,27;781,00;Passiva;65.232,00
FMOF11;56,98;0,150000;0,81;119,01;0,48;44.706,75;1,44;17,86;-14,76;60.456.521,21;269,00;Passiva;508.008,00
FOFT11;123,00;1,900000;0,00;110,21;1,12;;5,10;-47,71;;131.819.480,59;3.846,00;Ativa;1.196.040,00
FPAB11;206,32;0,900000;10,21;374,15;0,55;10.819,97;4,59;5,04;-13,35;280.610.759,95;967,00;Passiva;750.000,00
FPNG11;80,01;0,460000;10,37;164,03;0,49;240,00;2,09;11,12;;236.871.137,46;68,00;Ativa;1.444.104,00
FRHY11;0,00;1,030000;0,00;69,13;;;9,99;;;9.021.142,22;7,00;Ativa;130.500,00
FTCE11B;2.900,89;112,959603;6,86;2.851,98;1,02;14.753,00;4,10;;;2.764.153.469,92;57,00;Ativa;969.205,00
FVBI11;94,97;0,369573;0,00;0,00;;;;142,93;;0,00;0,00;Passiva;0,00
FVPQ11;124,90;1,200000;9,50;192,38;0,65;72.939,55;2,20;3,90;-8,59;538.683.307,17;3.940,00;Passiva;2.800.149,00
GALG11;9,08;0,084000;10,85;9,14;0,99;1.275.176,48;4,39;;;525.520.215,45;71.893,00;Ativa;57.485.300,00
GAME11;9,21;0,100000;13,03;9,98;0,92;159.198,71;0,74;;;216.606.162,93;23.313,00;Ativa;21.697.677,00
GCFF11;69,30;0,750000;7,39;77,51;0,89;87.694,83;4,26;;;27.939.468,78;1.759,00;Ativa;360.477,00
GCOI11;98,99;0,805870;0,81;97,86;1,01;98.990,00;11,30;;;11.057.904,41;357,00;Ativa;113.000,00
GCRI11;89,00;1,000000;13,37;95,93;0,93;222.238,45;4,16;;;139.469.473,13;3.815,00;Ativa;1.453.859,00
GESE11B;1.520,00;14,706525;11,07;1.761,50;0,86;;1,43;7,58;;91.597.974,62;55,00;Passiva;52.000,00
GGRC11;116,62;0,950000;10,28;113,70;1,03;1.260.447,87;4,31;10,12;-7,16;924.826.543,16;105.137,00;Ativa;8.134.118,00
GLOG11;68,15;0,630000;12,34;106,81;0,64;79.779,68;1,76;;;80.106.473,28;3.158,00;Ativa;750.000,00
GLPL11;0,00;;0,00;;;;;;;;;;0,00
GRLV11;104,51;0,170000;0,00;5,97;17,51;;2.489,44;135,25;-8,40;6.407.890,29;2.604,00;Passiva;1.073.530,00
GSFI11;7,88;;0,00;14,25;0,55;869.725,03;0,85;;42,73;1.071.517.626,29;6.905,00;Ativa;75.198.136,00
GTLG11;63,99;0,840000;11,16;60,62;1,06;22.885,25;100,03;;;434.811.690,70;341,00;Ativa;7.173.000,00
GTWR11;85,45;0,790000;10,92;95,06;0,90;989.363,55;1,22;4,70;-9,16;1.140.706.652,02;29.125,00;Ativa;12.000.000,00
GURB11;105,00;0,700000;2,81;111,16;0,94;1.998.501,00;5,20;;;126.189.048,78;19,00;Ativa;1.135.160,00
GVBI11;0,00;;0,00;;;;;;;;;;1.500.000,00
GZIT11;0,00;;0,00;83,93;;;5,50;;;1.777.017.009,21;1,00;Ativa;21.173.640,00
HAAA11;58,00;0,290000;9,38;80,87;0,72;7.654,11;0,51;;;279.416.181,84;319,00;Ativa;3.455.000,00
HABT11;93,21;1,000000;14,58;99,26;0,94;1.210.164,77;4,23;-9,54;-6,11;806.636.236,32;72.872,00;Ativa;8.126.783,00
HBCR11;116,00;0,684598;4,60;102,95;1,13;1.114.057,50;0,73;;;115.216.127,99;39,00;Ativa;1.119.161,00
HBRH11;94,00;0,518500;7,68;111,95;0,84;786.414,77;0,57;-2,78;-0,73;310.354.839,15;1.018,00;Ativa;2.772.204,00
HBTT11;1.055,00;16,580000;0,00;0,00;;;;;0,16;0,00;0,00;Ativa;0,00
HCHG11;79,49;0,520000;14,62;97,09;0,82;85.745,87;5,26;;;116.507.246,83;912,00;Ativa;1.200.000,00
HCPR11;0,00;;0,00;;;;;;;;;;1.750.000,00
HCRI11;295,00;2,687645;10,51;308,28;0,96;37.151,68;1,75;-3,02;-12,34;61.655.370,00;3.186,00;Passiva;200.000,00
HCST11;50,10;;0,00;102,11;0,49;1.418,44;0,14;;;47.729.792,83;84,00;Ativa;467.414,00
HCTR11;30,03;0,170500;29,21;111,82;0,27;4.163.501,97;0,37;-28,93;-37,92;2.469.351.365,39;208.191,00;Ativa;22.084.202,00
HDEL11;106,09;1,870000;5,40;84,82;1,25;7.956,50;4,03;;;42.749.917,75;58,00;Passiva;503.984,00
HDOF11;115,00;;0,00;97,75;1,18;8.050,00;1,73;;;200.938.851,86;109,00;Ativa;2.055.675,00
HFOF11;79,01;0,630000;9,52;83,68;0,94;2.125.211,16;2,17;2,37;-10,66;1.926.871.672,10;75.482,00;Ativa;23.027.000,00
HGBS11;230,71;2,000000;7,63;226,43;1,02;4.737.458,71;3,52;38,60;2,73;2.264.344.680,70;91.091,00;Ativa;10.000.000,00
HGCR11;106,52;1,100000;13,33;103,70;1,03;3.654.143,77;3,01;17,78;0,58;1.598.887.163,80;99.670,00;Ativa;15.418.106,00
HGFF11;89,90;0,700000;8,73;94,14;0,96;878.309,32;6,74;5,16;-4,12;269.584.670,63;14.062,00;Ativa;2.863.597,00
HGIC11;109,41;1,020000;11,22;125,08;0,87;22.491,47;12,27;;;57.875.912,12;369,00;Ativa;462.706,00
HGLG11;160,83;1,100000;9,14;153,20;1,05;11.409.069,71;21,69;3,37;-1,53;5.176.423.292,15;378.902,00;Ativa;33.787.575,00
HGPO11;274,70;1,600000;6,99;299,11;0,92;591.018,61;0,61;13,65;7,36;524.362.205,21;15.267,00;Passiva;1.753.057,00
HGRE11;136,50;0,780000;7,55;155,30;0,88;2.428.225,00;2,33;4,41;-3,88;1.835.305.009,11;145.405,00;Ativa;11.817.767,00
HGRS11;0,00;;0,00;100,29;;;1,42;;;149.727.230,55;6,00;Ativa;1.492.940,00
HGRU11;136,00;0,850000;8,66;123,67;1,10;5.402.779,58;2,26;11,40;0,41;2.276.329.312,59;202.697,00;Ativa;18.406.458,00
HILG11;0,00;1,133938;0,00;180,73;;;0,22;;;94.355.040,81;50,00;Ativa;522.087,00
HLOG11;92,00;0,650000;8,48;115,49;0,80;67.649,77;0,62;0,52;-8,22;490.815.421,64;4.311,00;Ativa;4.250.000,00
HMOC11;226,95;23,800000;0,00;238,79;0,95;;0,67;122,18;-1,38;91.223.530,50;209,00;Passiva;382.017,00
HOFC11;23,28;0,110000;9,02;89,23;0,26;66.484,29;0,09;-25,11;-34,40;337.189.582,50;7.682,00;Ativa;3.779.001,00
HOSI11;66,90;0,460000;11,59;92,23;0,73;20.763,37;2,25;6,41;-3,74;52.891.698,49;1.706,00;Ativa;573.450,00
HPDP11;82,10;0,530000;7,59;89,47;0,92;17.850,50;1,11;28,59;-3,01;260.246.309,56;427,00;Passiva;2.908.813,00
HRDF11;4,38;6,800000;0,00;6,13;0,71;1.008,13;42,86;;27,97;9.298.063,48;1.137,00;Ativa;1.517.425,00
HREC11;84,01;0,850000;12,74;93,64;0,90;219.122,77;1,01;;;482.876.556,27;1.470,00;Ativa;5.156.765,00
HSAF11;85,80;0,750000;12,82;93,12;0,92;389.613,84;1,43;6,41;-3,34;235.244.956,56;9.842,00;Ativa;2.526.360,00
HSLG11;94,65;0,730000;9,08;104,15;0,91;944.598,03;4,40;;;1.318.516.623,66;33.486,00;Ativa;12.660.067,00
HSML11;94,51;0,740000;9,12;95,26;0,99;2.906.062,03;5,23;21,13;0,56;1.503.214.578,48;160.995,00;Ativa;15.780.613,00
HSRE11;116,92;0,600000;6,41;93,49;1,25;1.411.275,77;1,35;;;831.959.181,93;201,00;Ativa;8.898.724,00
HTMX11;142,41;2,018526;11,06;137,04;1,04;663.206,68;5,15;16,76;5,61;206.160.754,38;27.124,00;Ativa;1.504.334,00
HUCG11;101,64;0,200000;5,58;103,63;0,98;3.239,09;33,82;;;116.273.914,50;244,00;Passiva;1.122.000,00
HUSC11;112,00;0,920000;9,46;145,36;0,77;5.306,15;1,63;2,61;-9,97;119.183.945,12;780,00;Passiva;819.907,00
HUSI11;1.159,53;8,264775;9,09;1.111,77;1,04;3.444,00;1,68;;;129.367.556,42;93,00;Ativa;116.362,00
IBCR11;76,20;0,980000;14,31;96,88;0,79;301.869,45;0,11;;;92.854.574,52;4.043,00;Ativa;958.423,00
IBFF11;66,40;0,296485;0,00;14,78;4,49;;101,13;;-2,48;9.855.905,16;3.870,00;Ativa;666.681,00
IDFI11;29,95;0,194021;16,46;36,78;0,81;54.280,94;34,27;;;75.681.695,16;358,00;Ativa;2.057.925,00
IRDM11;79,30;0,739753;12,90;89,53;0,89;5.221.492,03;2,86;-11,53;-9,97;3.262.073.283,21;291.384,00;Ativa;36.433.827,00
IRIM11;89,00;0,894518;12,79;95,06;0,94;89.647,52;2,39;;;182.511.074,50;2.862,00;Ativa;1.920.000,00
ITIP11;78,15;0,720000;12,32;77,28;1,01;103.414,71;1,37;;;57.820.671,12;2.854,00;Passiva;748.151,00
ITIT11;79,14;0,570000;8,91;87,13;0,91;173.719,68;0,29;;-7,50;78.461.821,22;8.389,00;Passiva;900.494,00
JASC11;100,00;0,520000;5,31;102,78;0,97;5.382.933,33;9,61;;;279.179.722,80;73,00;Ativa;2.716.375,00
JBFO11;87,00;0,450000;7,55;86,67;1,00;87,00;4,42;;;110.861.354,73;363,00;Ativa;1.279.070,00
JCDA11;0,00;;0,00;10,55;;;2,50;;;159.910.198,66;51,00;Passiva;15.159.655,00
JCDB11;0,00;;0,00;136,65;;;3,70;;;142.515.292,67;58,00;Ativa;1.042.957,00
JFLL11;72,49;0,620000;10,35;100,96;0,72;115.780,90;2,35;;;151.502.094,27;3.826,00;Ativa;1.500.598,00
JPPA11;99,70;1,150000;16,59;98,68;1,01;218.906,00;2,39;17,06;-0,13;89.209.448,81;9.579,00;Ativa;904.050,00
JPPC11;200,00;0,170000;0,00;403,99;0,50;13.148,50;6,77;;;22.219.546,97;89,00;Ativa;55.000,00
JRDM11;85,90;0,400000;7,36;88,84;0,97;610.682,00;0,41;28,90;3,57;224.143.181,16;4.001,00;Passiva;2.522.968,00
JSAF11;100,14;0,930000;11,14;100,23;1,00;1.300.603,42;3,44;;;157.665.900,22;5.431,00;Ativa;1.573.047,00
JSRE11;77,17;0,460000;7,35;112,85;0,68;2.990.243,90;0,23;-3,91;-8,00;2.343.584.658,59;101.092,00;Ativa;20.767.328,00
JTPR11;2.517,00;1,630372;0,00;81,15;31,02;;7,02;;;17.420.437,08;8,00;Ativa;214.674,00
KCRE11;96,28;0,800000;10,81;104,75;0,92;478.792,29;2,41;;;377.087.831,31;8.393,00;Ativa;3.600.000,00
KEVE11;1.036,05;0,744748;0,47;921,20;1,12;172.540,86;1,13;;;136.061.479,50;485,00;Passiva;147.700,00
KFOF11;98,25;0,750000;9,20;98,89;0,99;1.729.576,26;6,67;10,78;-4,97;448.300.299,85;17.666,00;Ativa;4.533.315,00
KINP11;9,82;3,053493;72,34;0,00;;38.394,20;;;-11,59;0,00;0,00;Ativa;0,00
KISU11;8,63;0,070000;10,37;9,20;0,94;763.402,42;2,05;;;406.566.602,11;123.999,00;Ativa;44.196.050,00
KIVO11;92,32;1,150000;17,33;94,16;0,98;201.681,23;4,30;;;114.420.948,80;3.023,00;Ativa;1.215.124,00
KNCR11;99,01;1,200000;13,90;100,86;0,98;11.436.523,00;6,33;49,84;3,30;5.758.807.700,20;257.717,00;Ativa;57.097.087,00
KNHF11;104,49;1,000000;0,96;102,58;1,02;977.578,59;12,85;;;1.032.565.601,21;12.233,00;Ativa;10.066.018,00
KNHY11;103,00;0,900000;11,30;102,99;1,00;2.496.538,87;1,53;-4,75;-2,02;1.904.351.220,09;16.238,00;Ativa;18.490.843,00
KNIP11;92,52;0,500000;9,59;99,70;0,93;11.837.322,16;2,70;-11,65;-5,80;7.984.130.494,79;71.119,00;Ativa;80.078.186,00
KNPR11;0,00;3,880000;0,00;103,18;;;4,33;;;59.836.399,52;593,00;Ativa;579.911,00
KNRE11;0,54;0,037742;63,60;0,76;0,71;7.496,77;16,46;;-49,37;14.029.570,91;6.563,00;Ativa;18.547.161,00
KNRI11;162,28;0,950000;7,30;160,16;1,01;3.863.363,68;1,89;13,24;-1,15;3.869.076.579,67;255.595,00;Ativa;24.157.121,00
KNSC11;90,50;0,800000;11,02;91,66;0,99;2.623.432,16;3,29;;;1.216.887.495,27;104.316,00;Ativa;13.275.794,00
KNUQ11;0,00;0,900000;0,00;100,20;;;14,29;;;195.202.048,33;1,00;Ativa;1.948.096,00
LASC11;102,50;0,570000;8,40;102,11;1,00;584.590,24;4,28;14,67;0,83;300.224.466,00;378,00;;2.940.298,00
LATR11B;9,51;9,998500;202,33;0,00;;99,50;;;-62,67;0,00;0,00;Ativa;0,00
LAVF11;0,00;1,300000;0,00;0,00;;;;;;0,00;7,00;Ativa;44.600,00
LFTT11;46,50;3,668145;0,00;24,10;1,93;17.672,81;12,43;;-22,91;178.471.176,76;492,00;Ativa;7.404.543,00
LGCP11;86,09;0,640000;8,65;101,81;0,85;529.266,68;5,18;6,14;-4,91;293.814.056,79;14.855,00;Ativa;2.885.778,00
LIFE11;9,90;0,122000;16,51;10,14;0,98;209.889,23;7,92;;;225.803.060,11;3.507,00;Ativa;22.276.744,00
LKDV11;997,23;;0,00;997,23;1,00;573.407,00;1,05;;;66.625.856,39;68,00;Ativa;66.811,00
LLAO11;0,00;0,713833;0,00;95,21;;;21,97;;;34.385.610,06;78,00;Ativa;361.140,00
LOFT11B;29,90;0,201705;0,00;11,75;2,54;;5,64;;-33,19;23.059.276,07;1,00;Ativa;1.962.500,00
LPLP11;0,00;8,566604;0,00;495,95;;;0,27;;;127.425.321,59;4,00;Ativa;256.932,00
LRDI11;0,00;;0,00;98,55;;;1,59;;;34.876.196,55;18,00;Ativa;353.879,00
LSPA11;102,00;0,810000;8,96;114,36;0,89;14.382,00;1,02;;;46.257.916,55;224,00;Ativa;404.500,00
LUGG11;89,99;0,600000;7,59;123,59;0,73;104.860,52;2,64;5,00;-5,60;139.739.905,47;4.449,00;Ativa;1.130.706,00
LVBI11;117,50;0,790000;7,74;115,80;1,01;2.416.080,84;0,80;13,27;-1,84;1.363.563.218,56;76.188,00;Ativa;11.775.177,00
MADS11;0,00;;0,00;;;;;;;;;;0,00
MALL11;117,69;0,850000;8,06;119,76;0,98;2.893.946,61;2,11;15,68;7,95;1.092.773.094,77;124.481,00;Ativa;9.124.659,00
MANA11;9,57;0,110000;14,21;9,85;0,97;170.077,23;10,83;;;193.050.632,43;3.629,00;Ativa;19.592.872,00
MATV11;86,63;0,600000;7,04;93,73;0,92;13.027,43;15,13;;;39.926.993,67;325,00;Ativa;425.968,00
MAXR11;74,21;0,730000;10,57;123,32;0,60;169.438,52;1,47;-0,16;-10,00;138.814.486,46;4.407,00;Ativa;1.125.655,00
MCCI11;93,73;0,900000;12,75;95,91;0,98;3.859.475,94;1,78;9,51;-2,94;1.626.591.564,89;114.568,00;Ativa;16.960.024,00
MCHF11;9,26;0,090000;13,07;9,57;0,97;920.658,23;6,08;;;309.582.364,03;79.221,00;Ativa;32.354.247,00
MCHY11;110,81;1,300000;16,88;100,99;1,10;47.686,94;1,48;;;362.523.112,28;887,00;;3.589.771,00
MFAI11;66,10;0,520000;9,73;74,30;0,89;27.006,26;3,96;-17,88;-18,48;27.420.997,56;3.109,00;Ativa;369.074,00
MFCR11;103,50;1,400000;13,01;105,91;0,98;8.637,59;2,13;;;10.721.112,75;108,00;Ativa;101.230,00
MFII11;94,29;1,070000;13,99;101,15;0,93;423.188,26;0,39;2,16;-9,05;429.837.983,35;29.188,00;Ativa;4.249.390,00
MGCR11;9,40;0,100000;11,83;9,78;0,96;259.145,59;1,77;;;131.240.792,97;4.360,00;Ativa;13.416.505,00
MGFF11;67,27;0,550000;9,38;75,63;0,89;1.225.858,10;2,26;-2,45;-10,18;684.494.404,32;47.460,00;Ativa;9.050.620,00
MGHT11;62,00;0,600000;13,87;87,53;0,71;119.204,74;4,79;5,17;-14,73;114.995.993,58;4.309,00;;1.313.784,00
MGIM11;101,50;0,176173;0,00;98,41;1,03;;101,04;;;24.337.124,08;75,00;Ativa;247.300,00
MGLC11;0,00;;0,00;;;;;;;;;;0,00
MGRI11;0,00;1,300000;0,00;105,61;;;12,86;;;23.233.113,90;1,00;Ativa;220.000,00
MINT11;101,80;;0,00;129,16;0,79;46.335,55;6,67;;;67.160.777,20;78,00;Ativa;520.000,00
MMPD11;0,00;5,180180;0,00;110,72;;;3,48;;;58.680.032,62;55,00;Ativa;530.000,00
MMVE11;161,87;;0,00;157,57;1,03;324,00;0,27;;;73.269.759,83;22,00;Ativa;465.000,00
MOFF11;0,00;;0,00;839,27;;;0,42;;;177.510.799,55;3,00;Ativa;211.506,00
MORC11;92,16;0,980000;14,36;99,56;0,93;409.449,10;5,41;;;189.941.494,30;6.131,00;Ativa;1.907.808,00
MORE11;76,35;0,600000;8,66;85,43;0,89;508.095,32;1,57;-6,18;-10,71;198.130.030,65;17.105,00;Ativa;2.319.115,00
MTOF11;0,00;;0,00;84,88;;;2,01;;;164.009.204,09;2,00;Ativa;1.932.221,00
MTRS11;0,00;;0,00;;;;;;;;;;0,00
MVFI11;0,00;;0,00;1,56;;;0,58;;;121.616.007,83;1,00;Ativa;78.155.673,00
MXRF11;11,07;0,110000;11,92;10,00;1,11;10.087.923,81;5,28;14,91;1,49;2.592.330.747,84;908.249,00;Ativa;259.301.607,00
NAVT11;89,70;1,000000;10,65;96,63;0,93;360.333,58;4,76;;;101.895.545,43;2.366,00;Ativa;1.054.507,00
NCHB11;82,31;0,910000;15,61;91,82;0,90;391.367,26;13,23;7,95;-3,99;155.903.400,38;11.782,00;Ativa;1.697.932,00
NCRI11;8,95;0,070000;9,94;10,26;0,87;2.883,29;10,82;;;40.507.546,46;581,00;Ativa;3.949.999,00
NEWL11;104,49;0,950000;11,41;137,25;0,76;680.431,39;2,82;4,39;1,27;279.049.926,60;3.677,00;Ativa;2.033.099,00
NEWU11;73,10;0,200000;1,82;68,96;1,06;126.742,86;2,78;-19,96;15,87;51.169.004,01;1.462,00;Ativa;742.000,00
NPAR11;12,82;1,196695;0,00;14,07;0,91;;100,00;;-55,35;1.682.250,84;772,00;Ativa;119.589,00
NSLU11;185,64;1,544022;9,77;199,53;0,93;96.969,19;3,25;-10,85;-12,44;258.052.426,33;6.428,00;Passiva;1.293.286,00
NVHO11;10,73;0,083541;9,29;14,00;0,77;3.828,03;1,81;1,28;-7,55;581.003.817,19;2.234,00;Ativa;41.494.533,00
NVIF11B;227,50;0,889152;2,74;366,97;0,62;;12,61;-10,71;;123.817.172,28;7,00;Ativa;337.399,00
OGHY11;10,21;0,130000;7,64;9,69;1,05;5.773,81;8,01;;;20.112.928,05;370,00;Ativa;2.075.000,00
ONEF11;200,00;1,020000;5,85;229,99;0,87;40.249,03;0,99;13,79;9,72;209.516.806,41;2.783,00;Passiva;911.000,00
ORPD11;93,00;1,379310;0,00;146,64;0,63;;0,00;;;42.524.987,27;6,00;Ativa;290.000,00
OUFF11;73,60;0,720000;11,63;78,42;0,94;122.120,52;1,61;5,16;-4,85;142.277.064,19;7.882,00;Ativa;1.814.336,00
OUJP11;100,32;1,100000;14,60;99,27;1,01;555.098,23;6,39;19,20;-0,87;322.857.685,09;29.292,00;Ativa;3.252.384,00
OULG11;41,09;0,420000;8,52;67,64;0,61;136.797,39;2,26;-18,36;-24,10;167.821.953,20;5.079,00;Ativa;2.481.284,00
OURE11;82,54;0,800000;14,54;92,31;0,89;115.179,94;1,46;11,10;-0,19;99.426.694,47;6.287,00;Ativa;1.077.087,00
PABY11;24,01;;0,00;-19,70;;1.769,97;;;16,87;-14.943.407,94;667,00;Passiva;758.400,00
PATB11;0,00;7,150317;0,00;166,72;;;2,87;;;645.120.405,08;56,00;Ativa;3.869.378,00
PATC11;72,00;0,340000;5,57;73,28;0,98;783.328,19;3,12;3,00;-7,80;254.830.960,26;7.384,00;Ativa;3.477.434,00
PATL11;70,64;0,600000;9,97;98,50;0,72;592.194,84;1,08;2,12;-10,18;491.662.611,58;24.601,00;Ativa;4.991.535,00
PBLV11;926,98;39,645378;8,50;1.564,50;0,59;;2,14;;;5.820.001.715,34;2,00;Ativa;3.720.045,00
PCAS11;0,00;;0,00;6.431,14;;;0,60;;;450.179.572,34;50,00;Passiva;70.000,00
PEMA11;37,61;0,421000;19,91;72,74;0,52;1.005,77;0,74;;;40.150.282,36;383,00;Ativa;552.000,00
PLCR11;91,80;1,000000;13,34;93,02;0,99;633.301,55;12,63;10,38;4,20;196.200.010,00;15.919,00;Ativa;2.109.169,00
PLRI11;18,18;0,133083;8,69;29,50;0,62;6.805,30;1,52;-19,27;-24,08;28.147.285,60;730,00;Ativa;954.304,00
PNDL11;1.295,00;0,120000;0,46;1.037,72;1,25;1.587.486,50;25,44;;;118.184.924,47;57,00;Ativa;113.889,00
PNLN11;0,00;;0,00;52,36;;;6,83;;;860.313,01;51,00;Ativa;16.432,00
PNPR11;100,00;;0,00;104,15;0,96;784.100,00;0,21;;;90.692.807,04;24,00;Ativa;870.791,00
PNRC11;101,69;1,020000;4,49;102,49;0,99;71.183,00;2,29;;;42.030.591,73;60,00;Ativa;410.100,00
PORD11;89,99;1,030000;13,49;98,06;0,92;542.556,58;14,02;4,49;-3,19;365.594.845,54;25.705,00;Ativa;3.728.375,00
PQAG11;56,97;0,440000;9,23;57,11;1,00;19.873,63;0,03;-10,95;-56,24;799.051.682,53;483,00;Ativa;13.991.890,00
PQDP11;1.939,99;16,734576;10,50;3.120,41;0,62;152.485,13;2,03;26,47;-13,35;766.101.130,08;4.091,00;Passiva;245.513,00
PRSN11B;1,31;0,171678;13,11;3,90;0,34;1.413,07;12,01;;-30,13;12.589.105,18;762,00;Ativa;3.231.246,00
PRSV11;83,22;1,620000;0,00;211,36;0,39;3.317,96;6,99;28,92;-40,04;41.214.748,37;998,00;Passiva;195.000,00
PRTS11;117,70;0,054870;0,00;0,06;1.961,67;;103,36;;;3.111.607,44;11,00;Ativa;55.727.500,00
PRZS11;0,00;;0,00;146,36;;;0,06;;;103.573.997,23;20,00;Ativa;707.671,00
PVBI11;106,50;0,670000;6,88;101,03;1,05;3.421.932,35;3,68;5,62;2,44;1.226.742.660,75;113.597,00;Ativa;12.142.208,00
QAGR11;50,48;0,430000;10,12;57,66;0,88;522.785,74;1,45;2,13;-15,65;290.592.274,50;23.175,00;Ativa;5.040.000,00
QAMI11;76,00;0,700000;13,75;94,15;0,81;39.497,10;6,33;;;75.449.690,86;1.467,00;Ativa;801.398,00
QIRI11;78,04;0,660000;0,00;89,61;0,87;;100,31;;-9,42;13.441.852,95;173,00;Ativa;150.000,00
RBBV11;100,00;0,224057;0,00;100,84;0,99;;1,01;75,40;2,97;126.470.249,69;3.475,00;Passiva;1.254.164,00
RBCB11;19,00;0,300000;0,00;0,00;;;;-15,04;;0,00;462,00;Ativa;53.100,00
RBDS11;2,97;2,354143;0,00;22,49;0,13;711,74;24,55;18,99;-53,22;2.845.189,29;977,00;Ativa;126.523,00
RBED11;137,77;1,430000;11,16;144,35;0,95;676.254,97;8,71;7,86;-5,98;339.946.038,11;12.956,00;Ativa;2.355.022,00
RBFF11;60,77;0,500000;9,94;69,19;0,88;568.035,03;3,78;0,39;-5,95;259.410.163,47;19.786,00;Ativa;3.749.215,00
RBGS11;28,45;0,176600;0,00;90,78;0,31;;0,52;4,91;-9,87;97.865.283,71;2.808,00;Passiva;1.078.000,00
RBHG11;89,13;1,050000;14,48;91,73;0,97;267.517,48;6,44;18,90;2,64;158.472.293,13;9.587,00;Ativa;1.727.582,00
RBHY11;96,49;1,150000;15,06;93,63;1,03;91.929,29;3,34;;;177.285.227,09;3.662,00;Ativa;1.893.505,00
RBIR11;86,38;0,458000;2,07;103,69;0,83;51.185,00;0,58;;3,90;158.500.274,98;1.463,00;Ativa;1.528.615,00
RBLG11;100,51;0,950000;10,65;101,70;0,99;1.865,47;1,76;;;65.108.777,70;201,00;Ativa;640.199,00
RBOP11;294,00;2,400000;33,57;848,97;0,35;42.107,77;7,18;4,24;-38,63;86.309.331,29;3.769,00;Ativa;101.664,00
RBRD11;38,50;0,340000;9,87;66,19;0,58;32.332,58;3,21;-0,85;-16,49;122.563.749,52;9.156,00;Passiva;1.851.786,00
RBRF11;81,68;0,550000;9,16;88,53;0,92;3.260.524,94;2,31;-1,83;-5,34;1.211.192.224,53;102.679,00;Ativa;13.680.770,00
RBRI11;915,00;35,620000;0,00;1.193,85;0,77;48.495,00;0,20;;;162.915.520,16;87,00;;136.462,00
RBRL11;91,93;0,720000;8,40;105,32;0,87;698.727,90;1,46;-0,58;-6,85;704.246.906,97;12.507,00;Ativa;6.687.035,00
RBRM11;94.794,81;2.002,089652;13,77;27.526,49;3,44;;0,22;;;14.848.062,96;54,00;;539,00
RBRP11;58,03;0,250000;5,88;81,24;0,71;1.095.718,42;1,54;-15,34;-13,86;989.417.874,79;90.322,00;Ativa;12.179.186,00
RBRR11;89,48;0,650000;11,24;94,51;0,95;3.384.766,58;3,20;7,45;-3,74;1.270.081.176,60;138.639,00;Ativa;13.438.908,00
RBRS11;55,20;0,400000;9,09;94,23;0,59;52.853,68;3,24;;-19,29;163.419.300,39;1.237,00;Ativa;1.734.299,00
RBRU11;0,00;;0,00;;;;;;;;;;0,00
RBRX11;92,16;1,100000;16,47;96,70;0,95;894.669,26;1,33;;;181.866.175,50;4.323,00;Ativa;1.880.688,00
RBRY11;99,86;1,200000;13,87;98,84;1,01;1.332.600,74;5,14;14,83;-0,70;548.266.353,36;35.123,00;Ativa;5.546.804,00
RBTS11;1.111,00;21,930000;32,78;818,64;1,36;1.111,00;3,45;;;46.273.696,75;60,00;Ativa;56.525,00
RBVA11;111,89;1,000000;10,75;108,26;1,03;718.900,10;0,78;3,37;-2,58;1.254.508.454,86;45.957,00;Ativa;11.588.199,00
RBVO11;8,30;0,020000;2,23;18,04;0,46;2.184,68;5,95;-38,93;-27,11;9.306.848,49;2.622,00;;515.824,00
RCFA11;2,08;;0,00;17,15;0,12;2.088,13;0,01;;36,94;10.017.039,83;278,00;Passiva;583.926,00
RCFF11;83,01;1,231214;1,48;92,93;0,89;2.019,60;11,36;;-6,64;30.034.338,93;86,00;Ativa;323.200,00
RCKF11;0,00;;0,00;;;;;;;;;;1.500.000,00
RCRB11;151,00;0,770000;5,92;208,37;0,72;889.925,19;1,99;-3,02;-5,01;769.030.231,50;28.753,00;Ativa;3.690.695,00
RCRI11B;1.200,00;12,481836;0,00;365,40;3,28;;70,80;;;18.639.596,10;149,00;Ativa;51.012,00
RECH11;0,00;;0,00;;;;;;;;;;0,00
RECR11;89,75;0,597000;11,49;96,06;0,93;4.052.855,29;2,67;-11,20;-4,46;2.539.982.532,43;187.832,00;Ativa;26.441.650,00
RECT11;45,18;0,400000;12,77;92,53;0,49;483.794,23;0,21;-9,04;-22,43;790.524.412,25;72.430,00;Ativa;8.543.493,00
RECX11;68,38;0,600000;11,84;76,68;0,89;9.517,90;2,84;;;16.740.110,32;679,00;Ativa;218.313,00
REIT11;190,00;1,860000;16,65;291,33;0,65;433,00;6,49;;-45,29;7.659.273,22;68,00;Ativa;26.291,00
RELG11;54,75;0,700000;7,47;123,71;0,44;149.459,84;0,32;;;165.100.523,98;6.756,00;Ativa;1.334.562,00
RFOF11;80,09;0,750000;10,73;82,89;0,97;98.746,77;4,56;4,51;-1,10;89.366.413,58;4.964,00;Ativa;1.078.164,00
RINV11;111,24;2,000000;8,81;110,04;1,01;470.246,71;2,92;;;33.025.681,79;246,00;Ativa;300.129,00
RMAI11;50,99;0,260000;6,12;99,17;0,51;51.470,71;0,56;;;242.344.280,94;1.185,00;Ativa;2.443.800,00
RNDP11;153,98;2,000000;8,63;169,33;0,91;9.672,35;2,64;-34,71;-44,79;18.200.073,75;1.132,00;Ativa;107.481,00
RNGO11;44,53;0,360000;11,14;86,56;0,51;85.766,94;1,59;0,89;-14,75;231.625.120,49;11.168,00;Passiva;2.676.000,00
ROOF11;510,00;41,715400;16,35;592,53;0,86;7.022,00;7,65;;;45.918.329,95;80,00;Ativa;77.495,00
RPRI11;97,45;0,870000;14,54;102,15;0,95;179.534,48;5,09;;;229.002.305,38;2.821,00;Ativa;2.241.755,00
RRCI11;81,50;0,950000;14,36;92,59;0,88;36.281,16;2,96;;;44.604.149,41;2.202,00;Ativa;481.757,00
RSPD11;1.125,00;8,638802;4,63;1.145,47;0,98;;0,82;;;170.687.461,60;105,00;Ativa;149.011,00
RVBI11;83,35;0,750000;10,80;87,16;0,96;244.184,06;1,25;2,65;-2,35;125.506.186,92;12.241,00;Ativa;1.440.000,00
RZAK11;93,00;1,160000;17,02;93,26;1,00;3.887.429,13;2,47;;;821.461.572,67;48.069,00;Ativa;8.807.885,00
RZAT11;90,37;0,750000;12,46;100,00;0,90;613.798,42;0,12;-16,01;-56,13;370.802.272,62;37.327,00;Ativa;3.708.168,00
RZDM11;550,16;2,900000;1,56;279,67;1,97;20.710.244,33;10,68;;;44.746.731,65;4,00;Ativa;160.000,00
RZTR11;98,29;0,850000;11,61;96,49;1,02;1.975.199,74;5,11;;;1.066.040.904,42;90.406,00;Ativa;11.048.018,00
SACL11;0,00;;0,00;;;;;;;;;;0,00
SADI11;86,52;1,000000;14,30;96,00;0,90;394.529,90;1,99;62,08;-1,18;148.668.632,64;10.064,00;Ativa;1.548.684,00
SAIC11B;37,00;0,662215;0,00;55,34;0,67;148,00;2,81;;-3,75;79.120.100,14;50,00;Passiva;1.429.740,00
SALI11;0,00;;0,00;101,50;;;4,37;;;8.076.083,74;1,00;Passiva;79.565,00
SARE11;53,49;0,480000;13,55;94,50;0,57;1.707.536,13;1,70;7,78;-19,23;872.665.411,15;45.345,00;Ativa;9.234.329,00
SBCL11;0,00;;0,00;794,71;;;169,03;;;23.841.269,80;2,00;Ativa;30.000,00
SCPF11;4,98;0,023000;5,42;11,68;0,43;3.188,23;2,18;1,67;-18,02;49.074.703,53;5.119,00;Ativa;4.200.000,00
SEED11;98,99;0,740000;11,83;89,36;1,11;197.980,00;1,67;;;146.542.434,60;123,00;Ativa;1.640.000,00
SEQR11;63,99;0,714400;12,94;93,52;0,68;135.682,48;1,43;;;150.425.119,96;5.487,00;Ativa;1.608.552,00
SFND11;83,07;4,250000;0,00;8,59;9,67;;7,93;116,69;;8.431.081,42;54,00;Passiva;981.472,00
SFRO11;0,00;;0,00;5,93;;;102,53;;;5.191.438,53;20,00;Passiva;875.758,00
SHDP11B;0,00;8,500107;0,00;1.288,33;;;1,79;24,65;;1.890.995.254,07;3,00;Passiva;1.467.793,00
SHOP11;68,00;;0,00;47,49;1,43;272,00;2,35;;;70.340.719,59;39,00;Ativa;1.481.266,00
SHPH11;780,00;3,750000;6,19;890,58;0,88;41.789,84;0,92;15,78;-4,79;542.318.124,24;2.536,00;Passiva;608.950,00
SHSO11;0,00;0,890000;0,00;99,62;;;4,63;;;19.923.047,67;1,00;Ativa;200.000,00
SIGR11;100,00;1,441395;11,35;102,84;0,97;200,00;14,06;;;40.045.547,93;52,00;Ativa;389.395,00
SJAU11;84,00;;0,00;95,91;0,88;12.080.870,00;0,04;;;760.782.938,95;158,00;Passiva;7.932.248,00
SNCI11;100,20;1,000000;12,48;98,92;1,01;603.010,48;2,01;;;415.451.792,74;44.306,00;Ativa;4.200.000,00
SNEL11;100,00;;0,00;101,63;0,98;;1,07;;;50.819.744,01;3.363,00;Ativa;500.026,00
SNFF11;93,89;0,650000;9,16;93,78;1,00;479.984,03;7,31;;;265.411.251,95;31.035,00;Ativa;2.830.000,00
SNLG11;31,25;0,350000;6,72;63,43;0,49;49.942,35;2,98;;;119.765.997,95;3.730,00;Ativa;1.888.174,00
SOLR11;1.128,06;4,770765;5,08;952,89;1,18;;1,13;;;59.920.468,57;52,00;Ativa;62.883,00
SPAF11;0,00;5,520376;0,00;1.010,06;;;1,35;39,74;;11.383.371,11;1,00;Ativa;11.270,00
SPDE11;0,00;;0,00;976,15;;;27,78;;;40.139.449,70;78,00;Ativa;41.120,00
SPMO11;119,90;0,430000;0,36;125,10;0,96;239,00;0,02;;;226.217.753,12;8,00;Ativa;1.808.330,00
SPTW11;41,49;0,460000;12,15;55,99;0,74;90.775,10;6,44;-30,83;-21,39;100.666.479,73;27.785,00;Passiva;1.798.000,00
SPVJ11;0,00;0,670000;0,00;116,77;;;0,60;-0,61;;737.079.305,24;29,00;Ativa;6.312.090,00
SPXS11;100,00;1,230000;10,98;96,34;1,04;612.942,68;7,36;;;119.290.463,55;4.904,00;Ativa;1.238.196,00
SRVD11;3,00;0,200000;0,00;-0,01;;233,91;;;;-647.694,94;102,00;Ativa;96.286.020,00
STRX11;8,52;0,750000;107,51;164,04;0,05;;0,68;-73,18;;264.687.656,20;55,00;Ativa;1.613.559,00
TBOF11;15,56;0,822740;0,00;0,21;74,10;;492,15;74,62;;2.097.587,74;9.180,00;Passiva;10.050.000,00
TCIN11;136,45;;0,00;126,05;1,08;222.470,60;1,60;;;107.101.904,10;114,00;Ativa;849.660,00
TCPF11;1,26;1,520000;1.673,81;125,27;0,01;;6,50;;;37.247.030,25;51,00;Ativa;297.327,00
TELD11;0,00;;0,00;23,66;;;3,87;;;11.115.747,08;2,00;Ativa;469.760,00
TELF11;0,00;;0,00;;;;;;;;;;0,00
TELM11;0,00;;0,00;;;;;;;;;;500.000,00
TEPP11;89,17;0,580000;7,33;95,02;0,94;1.115.069,90;1,75;5,69;-0,96;401.186.738,80;19.326,00;Ativa;4.221.967,00
TFOF11;138,00;2,370000;0,00;121,20;1,14;;13,36;29,98;;103.080.374,68;3.278,00;Ativa;850.530,00
TGAR11;122,57;1,420000;13,71;118,03;1,04;3.988.201,10;1,82;6,42;-1,86;1.626.948.102,10;110.239,00;Ativa;13.784.500,00
THRA11;138,50;0,130000;0,00;9,54;14,52;;140,47;90,73;0,73;14.050.683,35;2.084,00;Passiva;1.472.728,00
TJKB11;262,16;2,620000;11,14;267,70;0,98;594,50;0,09;;;202.643.091,47;74,00;Ativa;756.974,00
TMPS11;104,65;0,800000;2,62;108,58;0,96;59.042,65;3,57;;;106.293.705,07;1.843,00;Ativa;978.968,00
TORD11;2,12;0,050000;14,62;12,58;0,17;248.491,42;0,46;;-41,46;441.080.668,28;100.738,00;Ativa;35.051.354,00
TORM13;142,00;10,562960;0,00;0,00;;;;;;0,00;0,00;Ativa;0,00
TOUR11;8,80;0,242328;0,00;0,00;;;;;;0,00;0,00;Ativa;0,00
TRBL11;99,15;0,720000;9,75;95,71;1,04;827.443,39;1,11;10,69;-0,71;612.048.658,06;63.292,00;Ativa;6.395.050,00
TRNT11;123,01;0,420000;3,98;196,67;0,63;53.189,67;0,58;-3,32;-12,08;773.997.393,87;697,00;Passiva;3.935.562,00
TRXB11;130,00;0,920000;8,54;109,45;1,19;787,43;0,73;5,75;4,97;313.127.824,30;193,00;Passiva;2.860.950,00
TRXF11;112,53;0,900000;9,51;106,05;1,06;5.032.637,74;0,78;9,50;3,33;1.271.774.618,80;103.828,00;Ativa;11.992.687,00
TSER11;102,00;0,920000;11,10;100,31;1,02;1.217,33;6,57;;;128.881.470,16;32,00;Ativa;1.284.884,00
TSNC11;0,00;0,625958;0,00;92,41;;;7,78;-23,66;;100.426.822,13;66,00;Ativa;1.086.780,00
TSNM11;0,00;;0,00;;;;;;;;;;3.500.000,00
URPR11;94,13;1,160000;15,85;100,03;0,94;2.072.589,90;3,97;-16,67;-6,35;1.167.835.850,29;93.683,00;Ativa;11.675.248,00
VCJR11;91,11;0,550000;10,60;96,81;0,94;1.938.667,84;5,32;-0,95;-3,18;1.425.367.434,14;20.205,00;Ativa;14.723.970,00
VCRI11;8,35;0,085000;15,99;9,65;0,87;276.129,19;4,25;;;171.490.682,95;11.027,00;Ativa;17.773.297,00
VCRR11;76,97;0,690000;10,63;128,25;0,60;315.005,10;2,78;;;256.499.761,16;4.019,00;Ativa;2.000.000,00
VDSV11;0,00;;0,00;994,33;;;1,89;;;13.620.339,46;198,00;Ativa;13.698,00
VERE11;233,49;2,400000;14,28;363,29;0,64;;0,41;4,15;;207.411.507,75;53,00;Ativa;570.920,00
VGHF11;9,51;0,120000;13,25;9,42;1,01;3.299.737,23;3,86;;;686.848.266,32;274.002,00;Ativa;72.889.247,00
VGIP11;91,00;0,640000;10,68;93,63;0,97;2.003.835,74;3,36;-8,84;-2,90;1.103.693.956,74;86.916,00;Ativa;11.787.247,00
VGIR11;9,61;0,130000;15,50;9,64;1,00;4.686.479,87;2,78;34,67;4,30;995.247.970,32;204.689,00;Ativa;103.220.707,00
VIDS11;0,00;;0,00;979,41;;;9,89;;;81.713.923,88;1.688,00;Ativa;83.432,00
VIFI11;8,44;0,070000;9,24;9,42;0,90;181.268,58;10,09;1,72;-55,81;76.239.072,37;6.636,00;Ativa;8.089.190,00
VILG11;107,52;0,700000;7,61;111,91;0,96;2.643.054,81;2,30;6,99;-5,74;1.678.321.852,08;161.673,00;Ativa;14.997.396,00
VINO11;8,98;0,060000;8,53;54,37;0,17;1.018.036,03;3,75;-9,75;-8,78;900.631.675,97;123.487,00;Ativa;16.565.259,00
VISC11;123,66;0,920000;7,93;114,98;1,08;5.084.375,84;3,03;25,36;2,76;2.137.514.464,12;259.421,00;Ativa;18.591.052,00
VIUR11;8,23;0,072000;10,50;9,06;0,91;392.057,06;5,58;;;244.201.443,22;39.226,00;Ativa;26.946.220,00
VJFD11;0,00;0,740000;0,00;136,34;;;1,15;;;664.817.502,79;97,00;Ativa;4.876.129,00
VLIQ11;0,00;;0,00;0,00;;;;;;0,00;1,00;Ativa;0,00
VLJS11;1.141,14;28,819221;0,00;975,33;1,17;;2,44;;;25.425.492,32;9,00;Passiva;26.068,00
VLOL11;98,00;1,856441;6,35;111,06;0,88;160.238,13;16,46;14,56;-2,24;198.219.080,15;3.127,00;Passiva;1.784.828,00
VOTS11;81,99;0,750000;15,34;94,03;0,87;3.963,00;3,23;28,49;0,00;77.851.965,30;696,00;Ativa;827.913,00
VPSI11;0,00;0,188227;0,00;21,42;;;1,01;32,79;;172.909.030,51;53,00;Passiva;8.071.897,00
VRTA11;89,56;0,700000;12,19;94,33;0,95;2.162.950,97;3,90;0,62;-4,86;1.470.814.336,50;122.909,00;Ativa;15.592.424,00
VSEC11;0,21;0,080000;952,38;3,00;0,07;2,50;99,26;-0,62;-86,32;188.468,90;64,00;Ativa;62.735,00
VSHO11;76,98;0,720000;10,18;101,41;0,76;174.054,74;1,58;27,16;-4,72;212.838.822,52;3.276,00;Ativa;2.098.800,00
VSLH11;2,99;0,030000;24,92;10,22;0,29;309.930,29;0,50;;;305.283.221,57;91.245,00;Ativa;29.864.091,00
VTLT11;95,00;0,880000;10,91;101,11;0,94;212.353,68;3,16;5,12;-7,02;213.846.188,19;6.064,00;Ativa;2.115.000,00
VTPA11;0,00;;0,00;100,45;;;0,00;;;65.292.822,67;1,00;Ativa;650.000,00
VTPL11;0,00;5,110000;0,00;77,04;;;3,01;;;106.790.661,38;53,00;Ativa;1.386.242,00
VTRT11;0,00;0,107508;0,00;100,80;;;20,14;;;1.030.654.046,20;499,00;Ativa;10.224.963,00
VTVI11;0,00;;0,00;34,74;;;1,53;;;61.870.159,51;1,00;Ativa;1.780.984,00
VTXI11;0,00;;0,00;9,55;;;36,04;;;988.120,08;2,00;Ativa;103.500,00
VVCO11;12,78;0,323281;0,00;14,01;0,91;285.034,42;4,17;;20,25;70.250.520,08;3.729,00;Ativa;5.014.556,00
VVCR11;23,00;0,300000;19,22;22,34;1,03;81.799,61;5,60;-1,27;-34,41;24.085.452,18;3.141,00;Ativa;1.078.042,00
VVPR11;101,50;0,892340;0,88;98,03;1,04;1.249.061,55;1,27;;0,33;226.032.234,18;1.372,00;Ativa;2.305.771,00
VVRI11;100,00;1,300000;6,90;96,41;1,04;10.268,68;4,10;;;38.565.153,26;66,00;Ativa;400.000,00
VXXV11;1.030,00;10,760000;0,00;1.072,63;0,96;6.468.571,67;0,05;;;285.710.669,37;22,00;Ativa;266.364,00
WHGR11;9,64;0,100000;11,72;10,09;0,96;456.154,48;1,69;;;253.199.801,89;8.823,00;Ativa;25.089.531,00
WPLZ11;65,10;0,410000;8,83;87,80;0,74;10.318,00;0,92;7,03;-5,69;89.618.455,74;1.873,00;Passiva;1.020.747,00
WSEC11;85,90;0,947800;15,19;100,89;0,85;12.893,86;2,49;;;24.783.243,69;444,00;Ativa;245.651,00
WTSP11B;36,50;0,200000;5,33;72,52;0,50;2.950,06;0,68;6,40;-15,27;71.984.230,05;200,00;Ativa;992.565,00
XBXO11;0,00;;0,00;94,95;;;0,00;;;288.890.053,26;6,00;Ativa;3.042.600,00
XPCI11;87,79;0,900000;11,84;94,75;0,93;2.356.375,58;0,97;1,83;-0,17;824.443.352,07;73.361,00;Ativa;8.701.551,00
XPCM11;12,00;0,070000;11,67;41,83;0,29;30.813,77;8,48;-41,46;-41,06;100.994.615,18;25.373,00;Passiva;2.414.570,00
XPHT11;123,00;1,900000;12,15;55,72;2,21;230.869,59;38,80;;9,03;607.450.694,60;1.442,00;Ativa;10.901.217,00
XPHT12;45,00;0,560000;1,24;55,72;0,81;42.650,26;38,80;;-16,81;607.450.694,60;1.442,00;Ativa;10.901.217,00
XPIN11;83,00;0,650000;9,34;103,57;0,80;404.324,87;2,45;1,10;-10,30;740.570.598,23;44.856,00;Ativa;7.150.422,00
XPLG11;113,00;0,780000;7,98;111,33;1,02;3.739.302,65;1,52;8,05;-4,49;3.017.112.409,31;312.017,00;Ativa;27.101.061,00
XPML11;112,20;0,840000;8,50;114,96;0,98;11.209.732,26;13,12;27,91;0,89;3.050.727.984,48;336.875,00;Ativa;26.537.865,00
XPPR11;22,34;0,100000;9,85;70,49;0,32;336.843,77;3,67;-30,77;-35,98;515.697.388,77;61.991,00;Ativa;7.316.171,00
XPSF11;8,57;0,075000;10,69;8,81;0,97;582.819,26;1,24;0,78;-3,71;381.685.180,11;46.486,00;Ativa;43.302.140,00
YUFI11;88,90;0,383187;3,70;101,66;0,87;149,00;8,94;;;50.084.544,38;56,00;Ativa;492.650,00
ZAVI11;129,35;1,160000;9,53;135,22;0,96;377.343,13;6,33;;;158.659.136,14;3.311,00;Ativa;1.173.322,00
ZIFI11;900,00;3,304958;0,00;1.205,80;0,75;17.671,60;0,00;;;57.257.472,65;65,00;Ativa;47.485,00
