,TICKERS,PRECO,MIN_MES,MAX_MES,VAL_MES,MIN_52S,MAX_52S,VAL_12M, VPA,DY, LPA,P/L,P/L_IDEAL,UP/DOWNSIDE,ROE,P/VP,EV/EBIT,LIQ.CORR,MARG.LIQ,DIV.LIQ/PL,SEGMENTO,IBOVESPA,SMALLCAP,DIVIDENDOS
0,AALR3,8.61,7.55,8.61,10.38,7.55,24.3,-57.77,7.32,0.0,-2.42,-3.52,-3.024793388429752,-0.14982578397212531,-33.11,1.16,-154.38,0.55,-25.3,1.03,Serv Mao Hosp Analises e Diagnosticos,,SMLL,
1,ABCB4,20.13,18.35,20.13,7.82,15.27,21.24,7.47,23.98,7.87,3.48,5.73,6.890804597701149,0.1912568306010929,14.5,0.83,4.36,1.5,19.35,0.0,Bancos,,SMLL,IDIV
2,ABEV3,13.53,13.53,14.01,-2.45,12.86,16.03,-7.65,5.4,5.61,0.91,14.98,5.934065934065934,-0.6008869179600886,16.78,2.51,11.55,1.01,17.26,-0.1,Cervejas e Refrigerantes,IBOV,,
3,ADHM3,1.56,1.56,2.1,0.0,0.0,0.0,0.0,-1.21,0.0,-0.38,-4.09,3.1842105263157894,-1.7756410256410255,-31.47,-1.29,-5.69,0.0,-18860.61,0.0,Serv Mao Hosp Analises e Diagnosticos,,,
4,AERI3,1.0,0.94,1.03,3.09,0.88,2.35,-57.26,1.1,0.0,-0.14,-7.11,-7.857142857142857,0.10000000000000009,-12.65,0.9,6.08,1.63,-3.59,1.11,Maq Equip Industriais,,,
5,AESB3,11.71,11.21,11.71,3.72,9.05,12.69,24.18,7.32,0.0,0.24,48.21,30.500000000000004,-0.37489325362937664,3.29,1.59,17.99,1.64,4.68,1.89,Energia Eletrica,,,
6,AFLT3,8.6,8.6,9.01,-3.37,8.07,10.5,-6.01,4.3,3.05,0.62,13.83,6.935483870967742,-0.5,14.46,2.0,13.08,4.34,48.96,-0.07,Energia Eletrica,,,
7,AGRO3,28.02,24.06,29.02,14.65,22.59,31.35,4.79,21.46,11.53,2.62,10.71,8.19083969465649,-0.23411848679514624,12.22,1.31,12.06,2.14,20.98,0.21,Agricultura,,,
8,AGXY3,4.98,4.82,5.0,-0.4,4.7,9.91,-30.64,6.18,0.8,-1.15,-4.3,-5.373913043478261,0.24096385542168663,-18.62,0.8,4.1,1.08,-1.77,0.88,Agricultura,,,
9,AHEB3,18.95,18.95,22.09,-14.21,17.0,22.1,-9.72,1.0,0.0,8.77,2.16,0.11402508551881414,-0.9472295514511874,873.55,18.88,1.28,1.46,15.93,-3.79,Producao de Eventos e Shows,,,
10,AHEB5,16.59,16.49,16.59,0.61,16.49,20.0,-16.59,1.0,0.0,8.77,1.89,0.11402508551881414,-0.9397227245328511,873.55,16.53,1.28,1.46,15.93,-3.79,Producao de Eventos e Shows,,,
11,AHEB6,17.01,17.01,18.5,-8.05,17.01,21.0,-11.91,1.0,0.0,8.77,1.94,0.11402508551881414,-0.9412110523221634,873.55,16.94,1.28,1.46,15.93,-3.79,Producao de Eventos e Shows,,,
12,ALLD3,6.65,6.37,6.69,-0.6,4.5,8.89,-24.86,16.44,5.35,0.67,9.83,24.53731343283582,1.4721804511278198,4.1,0.4,4.38,1.65,1.16,0.15,Eletrodomesticos,,,
13,ALPA3,8.92,8.88,9.64,-7.47,7.8,19.15,-53.42,7.77,0.0,-0.33,-26.71,-23.545454545454543,-0.1289237668161436,-4.3,1.15,-24.08,2.5,-5.67,0.18,Calcados,,,
14,ALPA4,8.64,8.34,8.95,-2.15,7.02,23.6,-60.96,7.77,0.0,-0.33,-25.78,-23.545454545454543,-0.10069444444444453,-4.3,1.11,-24.08,2.5,-5.67,0.18,Calcados,,,
15,ALPK3,4.45,4.31,4.64,-4.09,1.11,5.9,96.04,1.71,0.0,-0.6,-7.48,-2.85,-0.6157303370786518,-34.95,2.62,17.61,0.6,-10.37,3.32,Servicos Diversos,,,
16,ALSC3,27.75,27.75,28.35,0.0,0.0,0.0,0.0,12.64,0.0,0.72,38.57,17.555555555555557,-0.5445045045045045,5.69,2.2,14.85,5.39,27.78,-0.21,Exploracao de Imoveis,,,
17,ALSO3,24.03,22.54,24.03,4.52,15.15,25.47,34.32,25.57,2.16,5.58,4.31,4.582437275985663,0.0640865584685808,21.84,0.94,2.04,1.87,172.55,-0.12,Exploracao de Imoveis,,SMLL,
18,ALUP11,29.69,28.53,29.69,4.07,22.35,30.11,17.54,24.49,5.68,2.5,11.85,9.796,-0.1751431458403504,10.19,1.21,7.83,2.44,23.99,1.22,Energia Eletrica,,SMLL,
19,ALUP3,9.92,9.56,9.92,3.77,7.48,10.2,17.95,8.16,5.66,0.83,11.89,9.83132530120482,-0.17741935483870963,10.19,1.21,7.83,2.44,23.99,1.22,Energia Eletrica,,,
20,ALUP4,9.89,9.54,9.89,3.24,7.37,10.16,17.6,8.16,5.69,0.83,11.84,9.83132530120482,-0.17492416582406478,10.19,1.21,7.83,2.44,23.99,1.22,Energia Eletrica,,,
21,AMAR3,0.68,0.61,0.69,3.03,0.59,2.67,-72.24,0.89,0.0,-1.45,-0.46,-0.6137931034482759,0.3088235294117647,-163.84,0.76,-4.64,1.0,-19.59,3.46,Tecidos Vestuario e Calcados,,SMLL,
22,AMBP3,22.21,21.38,22.33,3.4,17.78,33.0,-25.22,9.44,0.61,-1.02,-21.79,-9.254901960784313,-0.574966231427285,-10.75,2.34,8.52,2.75,-2.54,4.05,Agua e Saneamento,,,
23,AMER3,0.86,0.86,0.98,-12.24,0.71,21.1,-94.67,16.74,0.0,0.05,18.1,334.79999999999995,18.465116279069765,0.28,0.05,8.32,1.84,0.15,0.59,Produtos Diversos,,,
24,ANDG3B,28.82,28.82,28.82,0.0,0.0,0.0,0.0,12.94,0.0,0.48,59.95,26.958333333333332,-0.5510062456627343,3.71,2.23,8.6,0.26,45.82,0.13,Holdings Diversificadas,,,
25,ANDG4B,0.0,0.0,0.0,0.0,0.0,0.0,0.0,12.94,0.0,0.48,0.0,26.958333333333332,inf,3.71,0.0,8.6,0.26,45.82,0.13,Holdings Diversificadas,,,
26,ANIM3,3.61,3.31,3.8,-5.0,2.02,7.3,-33.64,6.39,0.0,-0.27,-13.21,-23.666666666666664,0.7700831024930748,-4.26,0.56,15.02,1.07,-3.02,1.62,Servicos Educacionais,,SMLL,
27,APER3,29.77,29.75,31.0,0.07,20.25,32.13,0.78,41.37,1.08,2.31,13.03,17.909090909090907,0.3896540141081626,5.57,0.73,10.24,1.12,9.31,-0.17,Corretoras de Seguros,,,
28,APTI3,197.64,0.0,0.0,0.0,0.0,0.0,0.0,11599.68,0.0,-1264.69,-0.16,-9.171955182692992,57.6909532483303,-10.9,0.02,-0.46,6.4,-52.08,-0.11,Agricultura,,,
29,APTI4,3500.0,0.0,0.0,0.0,0.0,0.0,0.0,11599.68,0.0,-1264.69,-2.77,-9.171955182692992,2.3141942857142856,-10.9,0.3,-0.46,6.4,-52.08,-0.11,Agricultura,,,
30,ARML3,12.97,12.69,13.17,-0.23,9.35,16.05,-16.54,3.4,1.95,0.46,27.99,7.391304347826086,-0.7378565921356978,13.57,3.8,15.0,2.9,14.07,1.17,Maq Equip Industriais,,,
31,ARZZ3,72.25,67.5,73.69,-1.95,58.95,102.64,-22.2,25.08,2.21,3.33,21.66,7.531531531531531,-0.6528719723183392,13.29,2.88,16.77,1.63,8.03,0.12,Tecidos Vestuario e Calcados,,SMLL,
32,ASAI3,12.59,11.86,12.87,6.16,10.5,21.01,-30.67,2.95,0.7,0.8,15.65,3.6875,-0.7656870532168387,27.09,4.24,8.71,0.81,1.85,2.2,Alimentos,IBOV,,
33,ATMP3,2.24,1.86,2.24,20.43,0.85,2.64,55.56,-13.18,0.0,40.3,0.06,-0.3270471464019851,-6.883928571428571,-305.71,-0.17,-1.73,0.3,258.67,0.0,Servicos Diversos,,,
34,ATOM3,2.28,2.23,2.28,1.33,1.84,2.83,-6.56,0.82,13.93,0.09,24.79,9.11111111111111,-0.6403508771929824,11.36,2.82,26.35,34.11,8.23,-0.94,Outros,,,
35,AURA33,31.4,31.4,33.49,-6.24,28.97,42.5,-0.63,22.68,4.52,3.09,10.18,7.339805825242719,-0.2777070063694267,13.62,1.39,6.29,1.24,11.46,0.39,Minerais Metalicos,,,
36,AURE3,14.14,13.77,14.14,1.65,12.1,14.95,9.02,14.79,10.68,3.1,4.53,4.7709677419354835,0.045968882602545946,20.94,0.95,8.92,2.12,52.7,0.03,Energia Eletrica,,,
37,AVLL3,5.3,5.3,5.75,-7.83,2.4,18.0,-70.56,-18.05,0.0,-18.01,-0.3,1.0022209883398112,-4.40566037735849,-99.81,-0.3,-4.23,0.32,-151.33,0.0,Incorporacoes,,,
38,AZEV3,2.13,2.13,2.72,-21.69,1.25,3.3,-11.25,1.28,0.0,-0.51,-4.17,-2.5098039215686274,-0.39906103286384975,-40.11,1.67,-3.67,0.79,-8.98,0.35,Construcao Pesada,,,
39,AZEV4,2.25,2.25,2.83,-20.49,1.18,3.43,0.45,1.28,0.0,-0.51,-4.38,-2.5098039215686274,-0.4311111111111111,-40.11,1.76,-3.67,0.79,-8.98,0.35,Construcao Pesada,,,
40,AZUL4,13.11,13.11,14.93,-12.19,6.79,21.86,-23.33,-15.56,0.0,-1.28,-10.23,12.15625,-2.1868802440884823,-8.24,-0.84,13.69,0.28,-9.23,0.0,Transporte Aereo,IBOV,SMLL,
41,B3SA3,13.27,12.54,13.27,2.23,10.25,15.29,8.42,3.53,2.88,0.72,18.55,4.902777777777778,-0.7339864355689525,20.33,3.77,13.56,1.62,39.68,-0.14,Servicos Financeiros Diversos,IBOV,,
42,BAHI3,10.87,10.32,11.46,3.52,7.95,15.98,-1.09,2.46,0.0,-3.35,-3.23,-0.7343283582089551,-0.7736890524379025,-136.46,4.41,-14.19,0.19,-23.65,2.58,Servicos Educacionais,,,
43,BALM3,10.25,9.98,10.25,2.71,9.3,12.23,-16.19,14.53,2.11,0.08,125.56,181.625,0.417560975609756,0.56,0.71,4.49,2.92,0.44,-0.19,Equipamentos,,,
44,BALM4,11.64,9.8,11.64,18.78,8.46,11.64,22.53,14.53,1.85,0.08,142.59,181.625,0.24828178694158054,0.56,0.8,4.49,2.92,0.44,-0.19,Equipamentos,,,
45,BAUH4,71.88,71.88,71.88,0.0,69.88,82.69,-9.63,18.39,1.68,-0.73,-98.21,-25.19178082191781,-0.7441569282136895,-3.98,3.91,44.58,1.2,-1.82,-0.19,Carnes e Derivados,,,
46,BAZA3,78.4,72.95,78.4,7.47,43.54,78.4,64.19,97.45,6.78,22.28,3.53,4.373877917414721,0.24298469387755106,22.87,0.81,2.27,0.0,34.41,0.0,Bancos,,,
47,BBAS3,47.45,46.35,47.45,0.68,29.19,50.89,30.46,56.75,9.71,11.36,4.17,4.995598591549296,0.19599578503688075,20.01,0.83,3.18,12.76,12.35,0.0,Bancos,IBOV,,IDIV
48,BBDC3,13.2,12.8,13.2,0.08,11.03,16.5,-11.35,15.64,6.91,1.53,8.67,10.222222222222223,0.18484848484848504,9.78,0.85,10.97,7.16,7.37,0.0,Bancos,IBOV,,
49,BBDC4,14.93,14.38,14.97,-0.27,12.35,20.21,-17.79,15.64,6.73,1.53,9.78,10.222222222222223,0.04755525787006043,9.78,0.96,10.97,7.16,7.37,0.0,Bancos,IBOV,,
50,BBML3,3936.42,3818.4,3958.44,0.0,0.0,0.0,0.0,0.03,0.0,0.08,48754.69,0.375,-0.9999923788620116,306.71,149535.6,3586.4,0.68,0.2,404.48,Servicos Diversos,,,
51,BBSE3,31.67,31.03,31.95,2.06,23.95,34.18,23.95,4.47,10.98,3.59,8.84,1.2451253481894151,-0.858856962425008,80.32,7.1,7.75,0.98,0.0,0.0,Seguradoras,IBOV,,IDIV
52,BDLL3,12.2,12.2,12.2,0.0,10.1,13.19,6.09,-88.93,0.0,34.54,0.35,-2.5746960046323104,-8.289344262295083,-38.84,-0.14,-5.62,0.98,144.73,0.0,Maq Equip Industriais,,,
53,BDLL4,10.09,10.04,10.3,-1.37,7.55,11.01,16.65,-88.93,0.0,34.54,0.29,-2.5746960046323104,-9.813676907829535,-38.84,-0.11,-5.62,0.98,144.73,0.0,Maq Equip Industriais,,,
54,BEEF11,3.62,3.5,4.0,0.0,0.0,0.0,0.0,0.67,0.0,0.58,6.26,1.1551724137931036,-0.8149171270718232,85.67,5.36,5.96,1.5,1.21,18.78,Carnes e Derivados,,,
55,BEEF3,8.67,8.56,8.99,1.29,8.06,14.65,-33.61,0.67,6.35,0.58,15.0,1.1551724137931036,-0.922722029988466,85.67,12.85,5.96,1.5,1.21,18.78,Carnes e Derivados,IBOV,SMLL,
56,BEES3,8.68,8.61,8.75,-0.46,4.97,9.38,59.27,6.43,7.2,1.04,8.38,6.1826923076923075,-0.2592165898617511,16.14,1.35,6.34,0.0,6.42,0.0,Bancos,,,
57,BEES4,9.99,9.73,10.0,0.81,5.49,12.91,71.36,6.43,6.26,1.04,9.63,6.1826923076923075,-0.35635635635635643,16.14,1.55,6.34,0.0,6.42,0.0,Bancos,,,
58,BFRE11,0.0,0.0,0.0,0.0,0.0,0.0,0.0,297220.36,0.0,27456.07,0.0,10.825306025225023,inf,9.24,0.0,0.0,0.0,145.79,0.0,Gestao Recursos e Investimentos,,,
59,BFRE12,0.0,0.0,0.0,0.0,0.0,0.0,0.0,297220.36,0.0,27456.07,0.0,10.825306025225023,inf,9.24,0.0,0.0,0.0,145.79,0.0,Gestao Recursos e Investimentos,,,
60,BGIP3,26.0,24.9,28.99,4.42,21.06,33.22,1.05,35.35,8.93,3.65,6.89,9.684931506849315,0.35961538461538467,10.32,0.71,6.38,0.76,5.27,0.0,Bancos,,,
61,BGIP4,24.0,22.12,24.1,8.5,15.08,27.39,42.01,35.35,10.24,3.65,6.61,9.684931506849315,0.47291666666666665,10.32,0.68,6.38,0.76,5.27,0.0,Bancos,,,
62,BIDI11,10.4,9.65,12.02,0.0,0.0,0.0,0.0,9.67,0.0,-0.04,-238.07,-241.75,-0.07019230769230778,-0.45,1.08,-91.21,0.0,-5.22,0.0,Bancos,,,
63,BIDI3,3.4,3.2,4.0,0.0,0.0,0.0,0.0,3.22,0.0,-0.01,-233.49,-322.0,-0.05294117647058816,-0.45,1.06,-91.21,0.0,-5.22,0.0,Bancos,,,
64,BIDI4,3.41,3.22,4.02,0.0,0.0,0.0,0.0,3.22,0.0,-0.01,-234.18,-322.0,-0.055718475073313734,-0.45,1.06,-91.21,0.0,-5.22,0.0,Bancos,,,
65,BIOM3,5.36,5.26,5.41,-0.56,3.44,7.61,-29.57,1.49,0.0,-1.09,-4.83,-1.36697247706422,-0.7220149253731343,-73.28,3.54,-6.81,1.59,-72.57,0.91,Medicamentos e Outros Produtos,,,
66,BLAU3,17.59,17.24,17.6,-0.06,17.24,33.35,-41.5,10.45,3.71,1.74,10.08,6.005747126436781,-0.40591245025582723,16.63,1.68,8.21,4.14,23.07,-0.08,Medicamentos e Outros Produtos,,,
67,BLUT3,5.14,4.04,5.3,27.23,5.11,5.3,-3.02,11.21,0.0,-0.91,-5.63,-12.31868131868132,1.180933852140078,-8.15,0.46,-4.91,0.0,0.0,0.12,Holdings Diversificadas,,,
68,BLUT4,1.52,1.52,1.66,-5.0,1.52,1.61,-4.4,11.21,0.0,-0.91,-1.66,-12.31868131868132,6.375000000000001,-8.15,0.14,-4.91,0.0,0.0,0.12,Holdings Diversificadas,,,
69,BMEB3,17.24,14.05,18.25,22.7,9.19,18.25,49.78,13.35,5.29,2.12,8.37,6.297169811320754,-0.22563805104408352,15.91,1.33,6.47,0.0,5.24,0.0,Bancos,,,
70,BMEB4,13.36,13.12,13.5,1.83,9.21,13.5,43.35,13.35,7.76,2.12,6.28,6.297169811320754,-0.0007485029940119681,15.91,1.0,6.47,0.0,5.24,0.0,Bancos,,,
71,BMGB4,2.47,2.42,2.49,0.41,1.97,3.06,0.82,6.97,15.73,0.22,11.08,31.68181818181818,1.8218623481781373,3.17,0.35,-12.61,0.0,1.83,0.0,Bancos,,SMLL,
72,BMIN3,22.4,22.4,22.4,0.0,16.45,27.68,16.91,27.95,5.39,1.94,11.53,14.407216494845361,0.2477678571428572,6.95,0.8,8.6,0.0,24.12,0.0,Bancos,,,
73,BMIN4,16.0,14.58,16.0,6.74,10.98,16.0,31.58,27.95,7.79,1.94,7.97,14.407216494845361,0.746875,6.95,0.55,8.6,0.0,24.12,0.0,Bancos,,,
74,BMKS3,300.0,300.0,321.99,-6.28,206.18,370.0,32.3,435.49,19.26,59.07,5.08,7.37243947858473,0.45163333333333333,13.56,0.69,-1.84,25.52,153.94,-0.77,Bicicletas,,,
75,BMOB3,12.48,11.97,12.48,3.23,11.73,16.49,-14.99,12.22,1.79,1.04,11.95,11.75,-0.02083333333333337,8.53,1.02,5.57,3.71,6.69,-0.51,Programas e Servicos,,,
76,BNBR3,89.5,89.5,89.5,0.0,66.7,91.84,34.18,114.18,3.96,25.85,3.46,4.417021276595745,0.27575418994413425,22.64,0.78,2.06,0.0,25.87,0.0,Bancos,,,
77,BOAS3,7.95,7.95,7.98,0.0,4.06,8.0,16.4,4.34,3.2,0.52,15.22,8.346153846153845,-0.4540880503144654,12.04,1.83,18.69,12.37,32.39,-0.5,Servicos Financeiros Diversos,,,
78,BOBR3,0.0,0.0,0.0,0.0,0.0,0.0,0.0,-0.45,0.0,0.3,0.0,-1.5,-inf,-66.43,0.0,2.7,0.76,5.23,0.0,Produtos de Limpeza,,,
79,BOBR4,1.86,1.83,2.02,-7.92,1.14,2.25,43.08,-0.45,0.0,0.3,6.09,-1.5,-1.2419354838709677,-66.43,-4.05,2.7,0.76,5.23,0.0,Produtos de Limpeza,,,
80,BPAC11,33.48,30.66,33.48,3.65,18.1,33.72,29.97,12.18,2.23,2.19,15.25,5.561643835616438,-0.6362007168458781,18.0,2.75,12.78,1.04,19.46,0.0,Bancos,IBOV,,
81,BPAC3,15.59,14.04,15.59,2.63,9.51,16.38,13.96,4.06,1.63,0.73,20.87,5.561643835616438,-0.7395766516998076,18.0,3.76,12.78,1.04,19.46,0.0,Bancos,,,
82,BPAC5,9.0,8.18,9.0,4.17,4.41,9.0,53.32,4.06,2.74,0.73,12.4,5.561643835616438,-0.548888888888889,18.0,2.23,12.78,1.04,19.46,0.0,Bancos,,,
83,BPAN4,9.01,8.21,9.01,1.81,4.61,9.49,18.87,5.7,2.82,0.48,18.68,11.875,-0.36736958934517194,8.36,1.56,16.52,0.0,4.29,0.0,Bancos,,SMLL,
84,BPAR3,182.07,0.0,0.0,0.0,0.0,0.0,0.0,178.47,1.7,25.0,7.28,7.1388,-0.019772614928324272,14.01,1.02,4.3,0.0,8.39,0.0,Bancos,,,
85,BPAT33,44.05,38.52,47.04,0.0,0.0,0.0,0.0,66.71,0.0,6.31,6.98,10.572107765451664,0.5144154370034051,9.46,0.66,1.8,0.0,5.61,0.0,Bancos,,,
86,BPHA3,0.62,0.62,1.45,0.0,0.0,0.0,0.0,-2.58,0.0,10.4,0.06,-0.24807692307692308,-5.161290322580645,-402.5,-0.24,1.66,0.06,13896.67,0.0,Medicamentos e Outros Produtos,,,
87,BRAP3,21.7,20.67,21.97,-0.73,18.79,27.04,15.49,19.3,12.26,7.01,3.1,2.75320970042796,-0.11059907834101379,36.31,1.13,3.28,4.7,0.0,-0.03,Minerais Metalicos,,,
88,BRAP4,23.61,22.45,23.95,-0.08,20.18,31.2,15.06,19.3,12.36,7.01,3.38,2.75320970042796,-0.18254976704786108,36.31,1.23,3.28,4.7,0.0,-0.03,Minerais Metalicos,IBOV,,IDIV
89,BRBI11,15.7,14.88,15.9,5.16,9.44,16.13,14.26,0.0,5.33,1.45,10.88,0.0,-1.0,0.0,0.0,43.06,0.0,3.95,0.0,Bancos,,,
90,BRBI3,0.0,0.0,0.0,0.0,0.0,0.0,0.0,0.0,0.0,0.48,0.0,0.0,0.0,0.0,0.0,43.06,0.0,3.95,0.0,Bancos,,,
91,BRBI4,0.0,0.0,0.0,0.0,0.0,0.0,0.0,0.0,0.0,0.48,0.0,0.0,0.0,0.0,0.0,43.06,0.0,3.95,0.0,Bancos,,,
92,BRFS3,9.18,8.74,9.38,1.21,5.55,15.11,-39.0,5.44,0.0,-2.04,-4.52,-2.666666666666667,-0.40740740740740733,-37.45,1.69,-108.38,1.1,-6.32,1.74,Carnes e Derivados,IBOV,,
93,BRGE11,10.85,10.02,10.9,8.28,6.3,10.9,31.36,17.89,2.43,1.09,9.97,16.412844036697248,0.6488479262672813,6.08,0.61,-16.23,3.09,2221.7,-1.16,Seguradoras,,,
94,BRGE12,10.1,10.02,10.1,0.8,6.5,10.1,36.3,17.89,0.0,1.09,9.28,16.412844036697248,0.7712871287128713,6.08,0.56,-16.23,3.09,2221.7,-1.16,Seguradoras,,,
95,BRGE3,10.9,10.1,10.9,0.28,8.6,11.98,26.74,17.89,0.0,1.09,10.01,16.412844036697248,0.6412844036697247,6.08,0.61,-16.23,3.09,2221.7,-1.16,Seguradoras,,,
96,BRGE5,10.42,10.42,10.42,0.0,8.93,11.2,2.16,17.89,2.11,1.09,9.57,16.412844036697248,0.716890595009597,6.08,0.58,-16.23,3.09,2221.7,-1.16,Seguradoras,,,
97,BRGE6,10.9,10.35,10.9,5.31,8.79,14.44,-6.44,17.89,4.84,1.09,10.01,16.412844036697248,0.6412844036697247,6.08,0.61,-16.23,3.09,2221.7,-1.16,Seguradoras,,,
98,BRGE7,9.27,9.27,9.27,0.0,3.62,9.27,156.08,17.89,3.32,1.09,8.52,16.412844036697248,0.9298813376483281,6.08,0.52,-16.23,3.09,2221.7,-1.16,Seguradoras,,,
99,BRGE8,10.05,10.05,10.05,0.0,6.83,10.1,18.37,17.89,2.19,1.09,9.23,16.412844036697248,0.7800995024875621,6.08,0.56,-16.23,3.09,2221.7,-1.16,Seguradoras,,,
100,BRIN3,39.15,37.89,41.0,0.0,0.0,0.0,0.0,24.28,0.83,1.35,28.92,17.985185185185184,-0.37982120051085566,5.57,1.61,26.58,1.12,9.31,-0.17,Corretoras de Seguros,,,
101,BRIT3,3.92,3.51,3.96,5.09,1.75,3.96,19.15,3.22,0.83,0.27,14.46,11.925925925925926,-0.1785714285714285,8.41,1.22,10.08,1.99,10.83,0.52,Telecomunicacoes,,,
102,BRIV3,10.86,10.86,10.86,0.0,7.39,13.3,4.62,19.37,1.46,1.14,9.54,16.991228070175442,0.7836095764272561,5.88,0.56,6.22,4.27,2.97,0.0,Bancos,,,
103,BRIV4,11.11,10.85,11.11,2.4,6.85,11.11,58.04,19.37,2.82,1.14,9.67,16.991228070175442,0.7434743474347436,5.88,0.57,6.22,4.27,2.97,0.0,Bancos,,,
104,BRKM3,23.77,23.75,25.43,-0.25,18.82,36.15,-28.98,9.07,0.0,-4.26,-5.55,-2.1291079812206575,-0.6184265881363062,-47.0,2.61,-17.63,1.49,-4.17,3.04,Petroquimicos,,,
105,BRKM5,22.69,22.31,24.15,1.7,16.64,37.6,-20.53,9.07,0.0,-4.26,-5.3,-2.1291079812206575,-0.6002644336712208,-47.0,2.49,-17.63,1.49,-4.17,3.04,Petroquimicos,IBOV,,
106,BRKM6,18.0,18.0,18.0,0.0,15.91,30.0,-5.51,9.07,0.0,-4.26,-4.22,-2.1291079812206575,-0.49611111111111106,-47.0,1.98,-17.63,1.49,-4.17,3.04,Petroquimicos,,,
107,BRML3,8.26,7.77,8.26,2.86,7.7,10.44,-6.14,13.79,0.0,0.78,10.65,17.67948717948718,0.6694915254237288,5.62,0.6,7.71,1.41,42.5,0.16,Exploracao de Imoveis,IBOV,SMLL,
108,BRPR3,900.0,344.99,900.0,160.88,225.25,900.0,246.07,4005.67,0.0,-142.49,-4.66,-28.11193767983718,3.450744444444444,-3.56,0.17,-4.75,1.46,-41.77,0.56,Exploracao de Imoveis,,SMLL,
109,BRQB3,0.0,0.0,0.0,0.0,0.0,0.0,0.0,1.38,0.0,0.61,0.0,2.262295081967213,inf,44.48,0.0,-0.66,2.33,10.97,-0.46,Programas e Servicos,,,
110,BRSR3,12.9,12.65,13.5,-0.39,9.69,14.88,7.41,23.36,7.31,2.01,6.4,11.621890547263682,0.8108527131782945,8.61,0.55,5.81,2.81,5.73,0.0,Bancos,,,
111,BRSR5,18.0,17.99,18.48,-2.6,13.34,19.75,13.49,23.36,5.33,2.01,8.95,11.621890547263682,0.2977777777777777,8.61,0.77,5.81,2.81,5.73,0.0,Bancos,,,
112,BRSR6,12.5,12.25,12.91,-0.48,8.66,15.18,15.0,23.36,7.57,2.01,6.18,11.621890547263682,0.8688,8.61,0.53,5.81,2.81,5.73,0.0,Bancos,,SMLL,IDIV
113,BSEV3,9.0,8.3,9.75,0.0,0.0,0.0,0.0,-0.83,0.0,0.88,10.22,-0.9431818181818181,-1.0922222222222222,-106.05,-10.84,5.46,0.39,5.55,0.0,Acucar e Alcool,,,
114,BSLI3,14.77,13.5,14.77,0.07,12.57,20.91,-21.6,6.29,0.31,0.27,55.13,23.296296296296294,-0.5741367637102235,4.26,2.35,-41.24,0.2,1.59,0.0,Bancos,,,
115,BSLI4,11.54,11.16,12.0,3.41,10.75,14.94,-22.76,6.29,0.44,0.27,43.08,23.296296296296294,-0.4549393414211438,4.26,1.83,-41.24,0.2,1.59,0.0,Bancos,,,
116,BTTL4,11091.73,9610.65,11091.73,0.0,0.0,0.0,0.0,9.1,0.0,3.34,3316.69,2.7245508982035926,-0.9991795689220707,36.76,1219.09,2.01,2.13,4.5,0.04,Holdings Diversificadas,,,
117,CALI3,14.1,14.1,14.1,0.0,7.51,14.74,45.66,8.16,3.17,4.9,2.88,1.6653061224489796,-0.4212765957446808,59.97,1.73,3.78,1.82,11.05,1.63,Incorporacoes,,,
118,CALI4,50.0,48.0,50.0,0.0,0.0,0.0,0.0,8.16,0.0,4.9,10.21,1.6653061224489796,-0.8368,59.97,6.12,3.78,1.82,11.05,1.63,Incorporacoes,,,
119,CAMB3,10.0,9.7,10.1,-0.5,4.74,10.86,83.49,4.8,2.46,1.8,5.65,2.6666666666666665,-0.52,37.48,2.12,4.48,2.05,15.54,0.3,Calcados,,,
120,CAMB4,6.25,5.35,6.25,0.0,0.0,0.0,0.0,4.8,3.18,1.8,3.47,2.6666666666666665,-0.23199999999999998,37.48,1.3,4.48,2.05,15.54,0.3,Calcados,,,
121,CAML3,8.47,8.23,8.47,2.42,6.48,10.57,-14.27,8.57,3.39,1.38,6.11,6.210144927536232,0.011806375442739103,16.16,0.99,7.0,1.99,4.71,0.98,Alimentos Diversos,,SMLL,
122,CASH3,6.12,6.06,6.6,-3.62,6.06,13.5,-49.42,8.9,0.0,-0.53,-11.44,-16.79245283018868,0.45424836601307184,-6.0,0.69,-1.14,2.71,-12.5,-0.51,Programas e Servicos,,,
123,CASN3,9.61,10.45,10.45,0.0,0.0,0.0,0.0,2.05,0.23,0.09,101.61,22.777777777777775,-0.7866805411030177,4.62,4.69,35.69,0.68,5.78,0.86,Agua e Saneamento,,,
124,CASN4,8.37,9.42,12.0,0.0,0.0,0.0,0.0,2.05,0.29,0.09,88.5,22.777777777777775,-0.7550776583034647,4.62,4.09,35.69,0.68,5.78,0.86,Agua e Saneamento,,,
125,CATA3,103.61,103.61,113.46,0.0,0.0,0.0,0.0,1214.17,38.09,211.94,0.49,5.7288383504765505,10.718656500337806,17.46,0.09,1.91,1.85,9.25,0.27,Fios e Tecidos,,,
126,CATA4,0.0,0.0,0.0,0.0,0.0,0.0,0.0,1214.17,0.0,211.94,0.0,5.7288383504765505,inf,17.46,0.0,1.91,1.85,9.25,0.27,Fios e Tecidos,,,
127,CBAV3,4.64,4.5,4.7,2.65,4.09,12.41,-62.61,8.69,9.52,-1.49,-3.1,-5.832214765100671,0.8728448275862069,-17.18,0.53,-4.66,2.2,-7.92,0.51,Minerais Metalicos,,,
128,CBEE3,13.7,13.27,13.7,3.24,11.11,16.95,-19.17,21.7,0.0,-0.57,-23.89,-38.07017543859649,0.583941605839416,-2.64,0.63,9.91,0.64,-1.79,0.97,Energia Eletrica,,,
129,CCRO3,12.46,12.26,12.66,-1.58,10.03,14.29,-5.61,6.05,2.64,0.64,19.57,9.453125,-0.514446227929374,10.54,2.06,8.71,1.19,8.16,1.84,Exploracao de Rodovias,IBOV,,IDIV
130,CCXC3,1.16,1.14,2.16,0.0,0.0,0.0,0.0,-44.46,0.0,-6.59,-0.18,6.746585735963581,-39.327586206896555,-14.81,-0.03,-2.39,0.01,0.0,0.0,Outros,,,
131,CEAB3,5.51,5.32,5.62,-1.96,1.94,6.7,74.37,9.34,0.0,0.1,57.37,93.39999999999999,0.6950998185117967,1.02,0.58,6.83,1.63,0.47,0.26,Tecidos Vestuario e Calcados,,SMLL,
132,CEBR3,13.7,13.59,13.7,0.74,8.64,13.78,19.86,13.92,10.89,2.61,5.24,5.333333333333334,0.016058394160584077,18.78,0.98,1.72,5.72,66.35,-0.62,Energia Eletrica,,,
133,CEBR5,13.81,13.36,13.81,1.54,9.82,14.0,35.39,13.92,10.8,2.61,5.28,5.333333333333334,0.007965242577842035,18.78,0.99,1.72,5.72,66.35,-0.62,Energia Eletrica,,,
134,CEBR6,15.27,14.66,15.27,4.16,9.66,15.27,39.84,13.92,10.79,2.61,5.81,5.333333333333334,-0.08840864440078589,18.78,1.09,1.72,5.72,66.35,-0.62,Energia Eletrica,,,
135,CEDO3,17.0,17.0,23.2,-26.69,5.45,25.0,174.19,15.08,0.0,4.8,3.54,3.1416666666666666,-0.11294117647058821,31.83,1.13,2.68,1.07,3.94,1.54,Fios e Tecidos,,,
136,CEDO4,15.65,13.55,16.74,-6.51,3.1,18.22,260.6,15.08,0.0,4.8,3.23,3.1416666666666666,-0.03642172523961662,31.83,1.03,2.68,1.07,3.94,1.54,Fios e Tecidos,,,
137,CEEB3,41.0,41.0,44.0,-2.38,33.47,45.4,15.59,24.32,4.9,6.18,6.64,3.935275080906149,-0.40682926829268296,25.4,1.69,7.42,0.87,11.28,1.97,Energia Eletrica,,,
138,CEEB5,54.6,54.6,54.6,0.0,28.4,54.6,29.05,24.32,3.68,6.18,8.84,3.935275080906149,-0.5545787545787546,25.4,2.24,7.42,0.87,11.28,1.97,Energia Eletrica,,,
139,CEEB6,60.68,58.72,62.05,0.0,0.0,0.0,0.0,24.32,3.64,6.18,9.82,3.935275080906149,-0.5992089650626236,25.4,2.49,7.42,0.87,11.28,1.97,Energia Eletrica,,,
140,CEED3,27.0,27.0,27.0,0.0,20.5,41.0,-34.15,-42.07,0.0,-4.4,-6.14,9.561363636363636,-2.558148148148148,-10.45,-0.64,10.74,1.18,-6.09,0.0,Energia Eletrica,,,
141,CEED4,30.0,30.0,30.0,0.0,30.0,40.0,-25.0,-42.07,0.0,-4.4,-6.82,9.561363636363636,-2.4023333333333334,-10.45,-0.71,10.74,1.18,-6.09,0.0,Energia Eletrica,,,
142,CEGR3,88.32,89.0,89.0,0.0,0.0,0.0,0.0,4.61,1.16,1.3,68.03,3.5461538461538464,-0.9478034420289855,28.14,19.15,25.65,0.85,5.49,0.59,Gas,,,
143,CEPE3,125.26,27.63,128.0,0.0,0.0,0.0,0.0,21.39,0.43,1.54,81.27,13.88961038961039,-0.8292351908031295,7.21,5.86,15.58,1.1,1.41,4.33,Energia Eletrica,,,
144,CEPE5,40.12,40.11,40.12,0.0,40.11,40.12,0.02,21.39,1.35,1.54,26.03,13.88961038961039,-0.46684945164506475,7.21,1.88,15.58,1.1,1.41,4.33,Energia Eletrica,,,
145,CEPE6,43.0,40.5,43.0,6.17,40.5,43.0,6.17,21.39,1.39,1.54,27.9,13.88961038961039,-0.5025581395348837,7.21,2.01,15.58,1.1,1.41,4.33,Energia Eletrica,,,
146,CESP3,25.55,22.23,25.55,0.0,0.0,0.0,0.0,27.56,0.0,8.77,2.92,3.142531356898518,0.07866927592954975,31.8,0.93,4.96,1.7,155.88,-0.31,Energia Eletrica,,,
147,CESP5,25.0,22.5,25.0,0.0,0.0,0.0,0.0,27.56,0.0,8.77,2.85,3.142531356898518,0.10240000000000005,31.8,0.91,4.96,1.7,155.88,-0.31,Energia Eletrica,,,
148,CESP6,25.25,22.1,25.25,0.0,0.0,0.0,0.0,27.56,0.0,8.77,2.88,3.142531356898518,0.09148514851485134,31.8,0.92,4.96,1.7,155.88,-0.31,Energia Eletrica,,SMLL,
149,CGAS3,120.0,119.0,124.95,0.84,110.01,145.54,-6.85,0.74,9.87,3.37,35.56,0.21958456973293766,-0.9938333333333333,453.46,161.27,7.48,1.04,2.6,56.56,Gas,,,
150,CGAS5,128.99,128.5,128.99,0.11,118.56,145.87,1.29,0.74,10.1,3.37,38.23,0.21958456973293766,-0.9942631211721839,453.46,173.35,7.48,1.04,2.6,56.56,Gas,,,
151,CGRA3,25.76,25.65,26.0,0.35,25.23,33.74,-19.95,43.57,4.87,4.97,5.19,8.766599597585513,0.6913819875776397,11.41,0.59,6.84,2.32,14.53,-0.13,Tecidos Vestuario e Calcados,,,
152,CGRA4,27.5,26.95,27.95,1.29,23.97,33.0,-15.02,43.57,4.58,4.97,5.51,8.766599597585513,0.5843636363636364,11.41,0.63,6.84,2.32,14.53,-0.13,Tecidos Vestuario e Calcados,,,
153,CIEL3,3.63,3.63,3.86,-5.96,3.63,5.69,-28.12,4.31,8.01,0.7,5.18,6.157142857142857,0.18732782369145995,16.24,0.84,4.77,1.19,17.91,0.55,Servicos Financeiros Diversos,IBOV,SMLL,IDIV
154,CLSA3,5.42,4.75,5.42,10.39,4.35,7.51,7.33,3.87,0.0,-0.06,-87.01,-64.5,-0.2859778597785978,-1.59,1.38,-12.58,4.15,-2.17,-0.55,Programas e Servicos,,,
155,CLSC3,61.99,60.41,63.0,1.46,42.93,64.49,35.23,82.99,6.43,15.88,3.9,5.226070528967254,0.3387643168252943,19.14,0.75,4.2,0.95,5.98,0.45,Energia Eletrica,,,
156,CLSC4,64.5,63.73,64.5,0.78,45.59,64.73,22.51,82.99,6.8,15.88,4.06,5.226070528967254,0.2866666666666666,19.14,0.78,4.2,0.95,5.98,0.45,Energia Eletrica,,,
157,CMIG3,20.0,19.0,20.0,1.21,14.32,20.37,19.98,10.72,5.61,3.01,6.69,3.5614617940199342,-0.46399999999999997,28.07,1.88,5.6,1.34,18.48,0.34,Energia Eletrica,,,
158,CMIG4,12.69,12.11,12.69,1.85,9.7,12.86,18.05,10.72,8.9,3.01,4.22,3.5614617940199342,-0.15524034672970832,28.07,1.18,5.6,1.34,18.48,0.34,Energia Eletrica,IBOV,,IDIV
159,CMIN3,4.42,4.21,4.42,1.38,2.81,5.2,43.97,1.91,20.6,0.44,10.12,4.340909090909091,-0.5678733031674208,22.89,2.32,5.6,2.73,15.73,-0.03,Minerais Metalicos,,,
160,CMSA3,0.0,0.0,0.0,0.0,0.0,0.0,0.0,0.0,0.0,0.0,0.0,0.0,0.0,-293.36,0.0,0.34,76.15,0.0,-0.98,Outros,,,
161,CMSA4,0.0,0.0,0.0,0.0,0.0,0.0,0.0,0.0,0.0,0.0,0.0,0.0,0.0,-293.36,0.0,0.34,76.15,0.0,-0.98,Outros,,,
162,CNSY3,30.22,30.22,30.22,0.0,0.0,0.0,0.0,-1.27,0.0,-0.35,-86.19,3.628571428571429,-1.042025148908008,-27.56,-23.75,109.95,0.41,-7.71,0.0,Producao Difusao de Filmes e Programas,,,
163,COCE3,50.01,50.01,50.01,0.0,47.0,56.93,-12.16,51.7,1.69,7.82,6.4,6.611253196930947,0.033793241351729675,15.12,0.97,6.16,0.73,6.94,1.19,Energia Eletrica,,,
164,COCE5,42.7,42.08,44.0,-1.97,36.78,57.8,-3.39,51.7,1.96,7.82,5.54,6.611253196930947,0.2107728337236534,15.12,0.84,6.16,0.73,6.94,1.19,Energia Eletrica,,,
165,COCE6,19.17,4.05,4.05,0.0,0.0,0.0,0.0,51.7,4.42,7.82,2.45,6.611253196930947,1.6969222743870631,15.12,0.37,6.16,0.73,6.94,1.19,Energia Eletrica,,,
166,COGN3,2.85,2.85,3.01,-5.32,1.76,3.52,1.06,6.49,0.0,-0.22,-13.16,-29.5,1.2771929824561403,-3.35,0.44,24.82,1.41,-7.45,0.51,Servicos Educacionais,IBOV,SMLL,
167,CORR3,2.71,2.62,2.71,0.0,0.0,0.0,0.0,263.25,2762.62,339.01,0.01,0.776525766201587,96.14022140221402,128.78,0.01,-1.31,3.31,2192.46,-2.13,Exploracao de Imoveis,,,
168,CORR4,82.0,82.0,82.0,0.0,0.0,0.0,0.0,263.25,91.3,339.01,0.24,0.776525766201587,2.2103658536585367,128.78,0.31,-1.31,3.31,2192.46,-2.13,Exploracao de Imoveis,,,
169,CPFE3,35.11,33.99,35.28,0.86,26.62,35.28,10.97,15.48,8.22,4.8,7.31,3.225,-0.559099971518086,31.0,2.27,5.34,0.91,13.83,1.09,Energia Eletrica,IBOV,,
170,CPLE11,44.13,41.62,44.13,2.6,29.89,44.52,41.4,36.48,4.06,3.23,13.72,11.294117647058822,-0.17335146159075476,8.86,1.22,11.55,1.47,8.78,0.55,Energia Eletrica,,,
171,CPLE3,8.42,8.06,8.42,2.43,5.83,8.6,39.4,7.3,3.96,0.65,13.05,11.23076923076923,-0.1330166270783848,8.86,1.16,11.55,1.47,8.78,0.55,Energia Eletrica,,,IDIV
172,CPLE5,26.01,26.0,28.17,-7.67,20.17,32.5,-19.97,7.3,1.73,0.65,40.23,11.23076923076923,-0.7193387158785083,8.86,3.57,11.55,1.47,8.78,0.55,Energia Eletrica,,,
173,CPLE6,8.93,8.49,8.93,2.06,5.98,9.07,39.31,7.3,4.09,0.65,13.9,11.23076923076923,-0.18253079507278835,8.86,1.23,11.55,1.47,8.78,0.55,Energia Eletrica,IBOV,,IDIV
174,CPRE3,18.23,18.01,18.23,0.0,0.0,0.0,0.0,9.47,0.0,2.35,7.76,4.029787234042553,-0.48052660449808005,24.81,1.92,8.41,0.36,47.0,0.02,Energia Eletrica,,,
175,CREM3,14.5,0.0,0.0,0.0,0.0,0.0,0.0,5.91,0.0,0.44,32.7,13.431818181818182,-0.5924137931034483,7.5,2.45,13.11,1.29,2.1,1.01,Medicamentos e Outros Produtos,,,
176,CRFB3,10.67,10.17,10.75,1.14,8.76,21.26,-45.42,9.57,3.27,0.6,17.92,15.950000000000001,-0.1030927835051546,6.23,1.12,8.25,0.9,1.16,0.91,Alimentos,IBOV,,
177,CRIV3,5.88,5.75,5.88,2.26,3.68,5.88,43.41,10.23,0.0,0.18,32.55,56.833333333333336,0.739795918367347,1.77,0.57,52.66,68.86,0.95,0.0,Soc Credito e Financiamento,,,
178,CRIV4,5.9,5.75,5.9,2.43,4.42,5.99,22.92,10.23,4.12,0.18,31.83,56.833333333333336,0.7338983050847456,1.77,0.56,52.66,68.86,0.95,0.0,Soc Credito e Financiamento,,,
179,CRPG3,50.0,45.0,50.0,11.11,39.06,55.66,28.01,24.23,19.25,3.6,13.87,6.730555555555555,-0.5154,14.88,2.06,16.24,4.52,15.22,-0.14,Quimicos Diversos,,,
180,CRPG5,46.49,39.7,46.69,17.1,21.34,47.0,97.91,24.23,21.17,3.6,12.61,6.730555555555555,-0.47881264788126476,14.88,1.88,16.24,4.52,15.22,-0.14,Quimicos Diversos,,,
181,CRPG6,35.7,32.2,36.29,10.87,20.87,40.97,29.35,24.23,26.72,3.6,9.99,6.730555555555555,-0.32128851540616254,14.88,1.49,16.24,4.52,15.22,-0.14,Quimicos Diversos,,,
182,CSAB3,33.5,33.5,35.01,-4.31,27.64,46.0,-27.17,26.65,1.8,2.11,15.85,12.630331753554502,-0.20447761194029856,7.93,1.26,31.63,4.5,3749.88,0.0,Seguradoras,,,
183,CSAB4,43.01,43.01,43.01,0.0,36.26,52.0,-7.15,26.65,1.54,2.11,20.34,12.630331753554502,-0.38037665659149034,7.93,1.61,31.63,4.5,3749.88,0.0,Seguradoras,,,
184,CSAN3,18.5,17.32,18.5,3.24,13.28,20.49,6.63,9.57,2.34,-0.62,-29.71,-15.435483870967742,-0.48270270270270266,-6.45,1.91,7.74,1.65,-2.76,2.48,Exploracao Refino e Distribuicao,IBOV,,
185,CSED3,4.12,4.12,4.22,-2.14,2.01,5.9,-6.36,3.83,1.66,0.13,31.32,29.46153846153846,-0.07038834951456308,3.46,1.08,4.88,1.41,2.26,0.17,Servicos Educacionais,,,
186,CSMG3,19.02,18.0,19.02,2.59,12.01,21.15,53.76,19.94,7.85,2.85,6.66,6.996491228070176,0.04837013669821255,14.28,0.95,6.97,1.19,16.06,0.43,Agua e Saneamento,,SMLL,IDIV
187,CSNA3,12.5,11.93,12.6,1.54,10.75,18.51,8.23,13.94,23.36,-0.45,-28.02,-30.977777777777774,0.11519999999999997,-3.21,0.9,11.17,1.53,-1.34,1.54,Siderurgia,IBOV,,IDIV
188,CSRN3,24.1,24.1,26.58,-5.49,16.14,31.77,16.82,9.17,7.1,3.56,6.76,2.5758426966292136,-0.6195020746887967,38.87,2.63,6.58,0.91,16.42,1.4,Energia Eletrica,,,
189,CSRN5,28.25,29.5,29.5,0.0,16.83,28.25,39.37,9.17,6.66,3.56,7.93,2.5758426966292136,-0.6753982300884955,38.87,3.08,6.58,0.91,16.42,1.4,Energia Eletrica,,,
190,CSRN6,27.6,27.6,27.6,0.0,17.49,27.75,50.66,9.17,6.82,3.56,7.74,2.5758426966292136,-0.6677536231884058,38.87,3.01,6.58,0.91,16.42,1.4,Energia Eletrica,,,
191,CSUD3,17.05,15.98,17.05,6.7,8.56,17.09,21.79,9.47,5.79,1.94,8.66,4.881443298969073,-0.44457478005865103,20.49,1.77,6.58,1.18,15.1,0.04,Servicos Diversos,,,
192,CTCA3,0.0,0.0,0.0,0.0,0.0,0.0,0.0,2.69,0.0,0.29,0.0,9.275862068965518,inf,10.89,0.0,-4.08,4.66,25.82,-0.39,Agricultura,,,
193,CTKA3,18.0,17.19,18.0,4.71,17.19,24.0,-25.0,-21.54,0.0,4.59,3.92,-4.69281045751634,-2.1966666666666663,-21.3,-0.84,10.22,1.75,4.46,0.0,Fios e Tecidos,,,
194,CTKA4,11.4,11.09,11.52,-1.04,6.21,14.97,10.68,-21.54,0.0,4.59,2.48,-4.69281045751634,-2.889473684210526,-21.3,-0.53,10.22,1.75,4.46,0.0,Fios e Tecidos,,,
195,CTNM3,9.7,9.1,9.7,6.59,3.85,15.49,44.78,16.45,0.0,-9.99,-0.97,-1.6466466466466465,0.6958762886597938,-60.74,0.59,-12.3,0.98,-17.19,2.13,Fios e Tecidos,,,
196,CTNM4,2.04,1.99,2.19,-5.12,1.17,4.36,-18.4,16.45,0.0,-9.99,-0.2,-1.6466466466466465,7.063725490196077,-60.74,0.12,-12.3,0.98,-17.19,2.13,Fios e Tecidos,,,
197,CTSA3,2.79,2.79,2.94,-4.12,1.37,6.99,-53.19,11.19,0.0,-1.3,-2.16,-8.607692307692307,3.010752688172043,-11.6,0.25,-11.68,0.78,-21.65,0.42,Fios e Tecidos,,,
198,CTSA4,2.0,1.96,2.07,-3.38,0.96,3.79,-29.58,11.19,0.0,-1.3,-1.53,-8.607692307692307,4.595,-11.6,0.18,-11.68,0.78,-21.65,0.42,Fios e Tecidos,,,
199,CTSA8,0.0,0.0,0.0,0.0,0.0,0.0,0.0,11.19,0.0,-1.3,0.0,-8.607692307692307,inf,-11.6,0.0,-11.68,0.78,-21.65,0.42,Fios e Tecidos,,,
200,CURY3,16.2,15.63,16.65,-1.58,10.12,18.1,60.08,3.31,1.65,1.35,12.08,2.4518518518518517,-0.795679012345679,40.92,4.94,8.89,2.77,15.61,-0.35,Incorporacoes,,,
201,CVCB3,2.39,2.31,2.59,-7.72,2.2,7.44,-67.53,1.19,0.0,-1.05,-2.27,-1.1333333333333333,-0.502092050209205,-88.07,2.0,-17.12,0.85,-38.14,0.03,Viagens e Turismo,IBOV,SMLL,
202,CXSE3,11.45,11.04,11.51,2.69,7.09,11.51,40.32,3.95,7.53,1.13,10.18,3.4955752212389384,-0.6550218340611353,28.48,2.9,8.88,7.44,0.0,-0.07,Corretoras de Seguros,,,
203,CYRE3,22.01,21.47,22.79,-3.42,11.69,25.71,42.55,18.81,2.32,2.35,9.39,8.004255319148935,-0.14538845979100423,12.49,1.17,10.19,2.65,16.06,0.26,Incorporacoes,IBOV,SMLL,IDIV
204,DASA3,13.13,10.65,13.13,23.29,6.61,21.44,-38.76,10.81,0.74,-1.0,-13.12,-10.81,-0.1766945925361767,-9.24,1.21,17.68,1.05,-5.42,1.02,Serv Mao Hosp Analises e Diagnosticos,,,
205,DESK3,15.48,14.01,15.48,7.05,7.33,15.97,34.61,10.66,0.13,0.7,22.11,15.22857142857143,-0.3113695090439277,6.54,1.45,8.44,0.92,9.4,0.55,Telecomunicacoes,,,
206,DEXP3,11.25,11.1,11.5,1.35,5.78,11.5,70.45,6.92,2.38,1.58,7.17,4.379746835443037,-0.38488888888888895,22.78,1.63,3.72,3.06,8.06,-0.09,Petroquimicos,,,
207,DEXP4,9.7,9.5,9.97,1.57,5.5,10.01,56.96,6.92,2.86,1.58,6.07,4.379746835443037,-0.2865979381443299,22.78,1.38,3.72,3.06,8.06,-0.09,Petroquimicos,,,
208,DIRR3,20.1,19.74,20.82,-3.46,12.51,22.31,38.24,8.39,3.5,1.75,11.45,4.7942857142857145,-0.5825870646766169,20.83,2.39,8.45,3.61,13.36,0.25,Incorporacoes,,SMLL,IDIV
209,DMMO11,0.34,0.32,0.34,3.03,0.3,0.38,9.68,-0.93,0.0,-0.01,-49.97,93.0,-3.735294117647059,-0.73,-0.36,32.11,2.04,-1.1,0.0,Exploracao Refino e Distribuicao,,,
210,DMMO3,1.76,1.75,1.9,-7.37,1.7,1.94,3.53,-0.93,0.0,-0.01,-258.65,93.0,-1.5284090909090908,-0.73,-1.88,32.11,2.04,-1.1,0.0,Exploracao Refino e Distribuicao,,SMLL,
211,DMVF3,5.1,4.95,5.1,2.0,3.2,5.3,6.47,16.91,0.0,0.25,20.06,67.64,2.315686274509804,1.47,0.3,5.88,1.19,0.78,-0.03,Medicamentos e Outros Produtos,,,
212,DOHL3,8.2,8.0,8.2,2.37,8.0,15.28,-46.34,9.24,0.0,-0.12,-66.04,-77.0,0.12682926829268304,-1.34,0.89,-55.21,7.03,-1.43,0.03,Fios e Tecidos,,,
213,DOHL4,5.63,5.6,5.79,0.54,4.03,5.9,1.08,9.24,0.0,-0.12,-45.1,-77.0,0.6412078152753109,-1.34,0.61,-55.21,7.03,-1.43,0.03,Fios e Tecidos,,,
214,DOTZ3,1.01,0.98,1.09,-2.88,0.76,2.38,-57.56,-1.54,0.0,-0.64,-1.58,2.40625,-2.5247524752475248,-41.49,-0.66,-1.41,0.51,-59.4,0.0,Programas e Servicos,,,
215,DTCY3,4.91,4.91,5.8,-15.34,4.4,6.62,-25.49,-0.03,0.0,0.17,28.51,-0.1764705882352941,-1.0061099796334012,-520.92,-148.52,76.64,0.95,20.06,0.0,Servicos Diversos,,,
216,DTCY4,62.6,62.6,62.6,0.0,0.0,0.0,0.0,-0.03,0.0,0.17,363.49,-0.1764705882352941,-1.000479233226837,-520.92,-1893.5,76.64,0.95,20.06,0.0,Servicos Diversos,,,
217,DXCO3,8.19,7.63,8.2,-0.12,5.46,10.12,-14.95,7.35,4.21,0.81,9.88,9.074074074074073,-0.10256410256410253,11.08,1.1,7.62,1.4,8.56,0.72,Madeira,,,
218,EALT3,8.69,8.3,8.7,4.7,6.95,9.92,-3.01,9.86,2.47,1.39,6.24,7.093525179856115,0.1346375143843499,14.12,0.88,5.93,1.0,6.67,0.45,Maq Equip Industriais,,,
219,EALT4,8.75,8.7,9.15,-1.13,6.25,9.28,2.34,9.86,2.67,1.39,6.35,7.093525179856115,0.12685714285714278,14.12,0.9,5.93,1.0,6.67,0.45,Maq Equip Industriais,,,
220,ECOR3,7.94,7.68,7.94,2.06,3.87,8.39,48.13,3.64,0.1,0.67,11.74,5.432835820895522,-0.5415617128463477,18.52,2.17,7.96,0.59,6.52,4.81,Exploracao de Rodovias,IBOV,SMLL,
221,ECPR3,90.25,90.25,90.25,0.0,0.0,0.0,0.0,74.46,0.0,-9.14,-9.87,-8.146608315098467,-0.17495844875346267,-12.28,1.21,-17.09,2.97,0.0,-0.01,Fios e Tecidos,,,
222,ECPR4,90.74,90.0,90.74,0.0,0.0,0.0,0.0,74.46,0.0,-9.14,-9.92,-8.146608315098467,-0.1794137094996694,-12.28,1.22,-17.09,2.97,0.0,-0.01,Fios e Tecidos,,,
223,EEEL3,294.77,294.77,294.77,0.0,0.0,0.0,0.0,147.03,0.0,87.08,3.39,1.6884474046853468,-0.5012043287987245,59.23,2.0,3.78,2.11,60.68,0.9,Energia Eletrica,,,
224,EEEL4,410.0,308.51,422.13,0.0,0.0,0.0,0.0,147.03,0.0,87.08,4.71,1.6884474046853468,-0.641390243902439,59.23,2.79,3.78,2.11,60.68,0.9,Energia Eletrica,,,
225,EGIE3,42.41,41.25,42.41,0.66,34.35,44.91,17.54,10.22,8.36,3.97,10.69,2.5743073047858944,-0.7590190992690403,38.82,4.15,7.94,1.28,28.48,1.59,Energia Eletrica,IBOV,,IDIV
226,EKTR3,34.0,34.0,34.0,0.0,28.86,35.4,6.18,16.27,10.63,4.93,6.9,3.3002028397565923,-0.5214705882352941,30.29,2.09,6.35,1.23,11.25,1.43,Energia Eletrica,,,
227,EKTR4,39.0,36.08,39.0,0.0,26.24,40.15,43.91,16.27,10.19,4.93,7.91,3.3002028397565923,-0.5828205128205128,30.29,2.4,6.35,1.23,11.25,1.43,Energia Eletrica,,,
228,ELEK3,19.11,19.11,19.11,0.0,0.0,0.0,0.0,7.19,0.0,0.78,24.46,9.217948717948719,-0.6237571951857666,10.87,2.66,38.76,1.94,2.53,0.7,Petroquimicos,,,
229,ELEK4,36.99,36.99,36.99,0.0,0.0,0.0,0.0,7.19,0.0,0.78,47.34,9.217948717948719,-0.8056231413895647,10.87,5.15,38.76,1.94,2.53,0.7,Petroquimicos,,,
230,ELET3,36.55,34.17,36.55,3.28,30.32,51.22,-17.66,48.29,0.61,0.74,49.26,65.25675675675676,0.3212038303693572,1.53,0.75,10.58,1.47,4.94,0.33,Energia Eletrica,IBOV,,
231,ELET5,86.01,77.01,86.01,11.69,60.64,86.01,41.84,48.29,2.39,0.74,116.5,65.25675675675676,-0.43855365655156386,1.53,1.78,10.58,1.47,4.94,0.33,Energia Eletrica,,,
232,ELET6,39.02,37.57,39.05,0.64,31.92,52.79,-12.37,48.29,3.84,0.74,52.73,65.25675675675676,0.23757047667862619,1.53,0.81,10.58,1.47,4.94,0.33,Energia Eletrica,IBOV,,
233,ELMD3,17.15,16.44,18.29,4.32,9.54,18.29,64.75,5.67,0.0,0.44,37.75,12.886363636363637,-0.6693877551020408,7.81,2.95,17.34,0.74,7.08,0.68,Publicidade,,,
234,ELPL3,8.31,8.3,8.95,0.0,0.0,0.0,0.0,14.25,0.0,8.29,1.0,1.718938480096502,0.7148014440433212,58.18,0.58,2.06,0.94,8.58,2.12,Energia Eletrica,,,
235,EMAE3,25.35,26.01,26.01,0.0,0.0,0.0,0.0,30.26,7.12,1.88,13.51,16.095744680851066,0.19368836291913216,6.2,0.84,-80.89,7.22,12.3,-0.42,Energia Eletrica,,,
236,EMAE4,65.9,61.32,65.9,7.47,33.79,69.2,87.0,30.26,3.01,1.88,35.17,16.095744680851066,-0.5408194233687406,6.2,2.18,-80.89,7.22,12.3,-0.42,Energia Eletrica,,,
237,EMBR3,17.83,17.83,19.98,-9.95,11.4,21.05,31.01,16.34,0.0,-0.68,-26.12,-24.02941176470588,-0.08356702187324727,-4.18,1.09,22.35,1.52,-1.99,0.54,Material Aeronautico e Defesa,IBOV,SMLL,
238,ENAT3,17.19,15.86,17.19,6.97,10.47,17.19,7.5,15.32,0.89,1.36,12.47,11.26470588235294,-0.10878417684700414,8.85,1.1,8.52,1.24,21.34,0.03,Exploracao Refino e Distribuicao,,SMLL,
239,ENBR3,24.08,23.9,24.59,0.75,18.25,24.8,16.33,19.22,5.9,1.7,14.2,11.305882352941175,-0.2018272425249169,8.82,1.25,7.01,0.91,5.63,0.91,Energia Eletrica,IBOV,SMLL,IDIV
240,ENEV3,12.15,11.76,12.15,0.83,10.16,15.78,-19.96,8.18,0.0,0.41,29.23,19.951219512195124,-0.3267489711934157,5.06,1.48,16.55,1.14,7.29,1.28,Energia Eletrica,IBOV,SMLL,
241,ENGI11,48.46,45.27,48.46,3.99,35.67,50.74,13.04,29.03,3.1,3.92,12.34,7.405612244897959,-0.40094923648369785,13.5,1.67,7.32,1.23,5.95,1.9,Energia Eletrica,IBOV,,
242,ENGI3,15.5,14.66,15.5,1.11,10.9,16.34,16.45,5.81,1.94,0.78,19.77,7.448717948717948,-0.6251612903225807,13.5,2.67,7.32,1.23,5.95,1.9,Energia Eletrica,,,
243,ENGI4,8.21,6.9,8.21,5.12,6.08,8.99,11.25,5.81,3.65,0.78,10.5,7.448717948717948,-0.29232643118148616,13.5,1.42,7.32,1.23,5.95,1.9,Energia Eletrica,,,
244,ENJU3,1.47,1.47,1.6,-6.37,0.71,1.78,3.52,1.85,0.0,-0.15,-9.61,-12.333333333333334,0.2585034013605443,-8.32,0.8,-0.09,8.29,-21.24,-0.78,Programas e Servicos,,,
245,ENMA3B,50.49,49.0,50.5,0.0,0.0,0.0,0.0,23.05,5.53,4.97,10.16,4.6378269617706245,-0.5434739552386612,21.56,2.19,0.0,1.31,15.62,0.43,Energia Eletrica,,,
246,ENMA6B,83.99,83.2,84.0,0.0,0.0,0.0,0.0,23.05,3.32,4.97,16.9,4.6378269617706245,-0.7255625669722585,21.56,3.64,0.0,1.31,15.62,0.43,Energia Eletrica,,,
247,ENMT3,63.9,56.0,63.9,14.11,43.11,80.21,-14.78,14.87,4.85,4.45,14.38,3.341573033707865,-0.7672926447574335,29.93,4.3,10.54,1.14,13.95,1.37,Energia Eletrica,,,
248,ENMT4,61.0,61.0,61.0,0.0,40.64,79.64,-17.58,14.87,5.09,4.45,13.7,3.341573033707865,-0.7562295081967213,29.93,4.1,10.54,1.14,13.95,1.37,Energia Eletrica,,,
249,EPAR3,16.2,13.9,16.2,11.65,8.33,16.2,53.12,9.1,0.0,3.34,4.93,2.7245508982035926,-0.43827160493827155,36.76,1.81,2.01,2.13,4.5,0.04,Holdings Diversificadas,,,
250,EQPA3,6.38,6.25,6.4,1.27,5.56,6.75,12.92,1.73,7.89,0.82,7.83,2.1097560975609757,-0.7288401253918495,47.23,3.7,7.72,1.55,19.48,0.98,Energia Eletrica,,,
251,EQPA5,8.41,8.41,8.41,0.0,6.56,8.49,28.2,1.73,5.99,0.82,10.32,2.1097560975609757,-0.7942925089179549,47.23,4.87,7.72,1.55,19.48,0.98,Energia Eletrica,,,
252,EQPA6,10.48,10.48,10.48,0.0,0.0,0.0,0.0,1.73,4.8,0.82,12.86,2.1097560975609757,-0.8349236641221374,47.23,6.07,7.72,1.55,19.48,0.98,Energia Eletrica,,,
253,EQPA7,7.0,7.0,7.0,0.0,6.83,7.95,-3.98,1.73,7.19,0.82,8.59,2.1097560975609757,-0.7528571428571429,47.23,4.06,7.72,1.55,19.48,0.98,Energia Eletrica,,,
254,EQTL3,33.32,30.7,33.32,4.45,23.88,34.46,38.03,16.23,1.05,1.44,23.28,11.270833333333334,-0.512905162064826,8.85,2.06,11.03,1.38,4.82,1.81,Energia Eletrica,IBOV,,
255,ESPA3,1.65,1.64,1.68,-0.6,0.95,2.14,-8.84,2.43,0.0,-0.1,-15.88,-24.3,0.4727272727272729,-4.3,0.68,10.85,1.35,-3.9,0.81,Produtos de Uso Pessoal,,,
256,ESTR3,19.95,16.01,20.24,24.61,7.0,20.24,185.0,-66.76,0.0,-8.02,-2.49,8.32418952618454,-4.346365914786968,-12.01,-0.3,16.47,0.18,-37.27,0.0,Brinquedos e Jogos,,,
257,ESTR4,6.3,6.0,6.88,-8.43,3.75,7.2,57.89,-66.76,0.0,-8.02,-0.79,8.32418952618454,-11.596825396825398,-12.01,-0.09,16.47,0.18,-37.27,0.0,Brinquedos e Jogos,,,
258,ETER3,9.05,8.73,9.46,1.91,8.73,14.6,-25.08,11.24,4.24,1.27,7.25,8.850393700787402,0.24198895027624312,11.26,0.82,6.48,2.36,6.56,0.11,Produtos para Construcao,,,
259,EUCA3,14.39,14.39,16.2,-11.17,9.24,18.8,18.63,23.09,4.82,2.8,5.32,8.246428571428572,0.6045865184155663,12.13,0.64,5.39,1.61,9.82,0.26,Madeira,,,
260,EUCA4,12.9,12.47,13.18,3.45,6.07,13.25,70.41,23.09,6.06,2.8,4.65,8.246428571428572,0.789922480620155,12.13,0.56,5.39,1.61,9.82,0.26,Madeira,,,
261,EVEN3,6.83,6.31,7.02,4.12,4.31,8.03,4.43,9.63,2.19,0.68,10.13,14.161764705882353,0.40995607613469986,7.02,0.71,8.63,2.92,5.53,0.0,Incorporacoes,,SMLL,
262,EZTC3,22.15,20.8,22.87,0.32,11.78,24.83,17.07,20.71,1.25,1.15,19.28,18.008695652173916,-0.06501128668171552,5.56,1.07,23.85,5.14,23.45,-0.02,Incorporacoes,IBOV,SMLL,
263,FBMC3,0.0,0.0,0.0,0.0,0.0,0.0,0.0,-87.48,0.0,-21.16,0.0,4.13421550094518,-inf,-24.19,0.0,-0.74,0.31,-101.97,0.0,Artefatos de Ferro e Aco,,,
264,FBMC4,1.96,0.0,0.0,0.0,0.0,0.0,0.0,-87.48,0.0,-21.16,-0.09,4.13421550094518,-45.632653061224495,-24.19,-0.02,-0.74,0.31,-101.97,0.0,Artefatos de Ferro e Aco,,,
265,FESA3,62.35,60.0,63.49,3.45,53.1,63.91,7.5,36.46,4.77,7.73,8.07,4.7166882276843465,-0.4152365677626303,21.19,1.71,5.89,4.2,24.15,-0.22,Siderurgia,,,
266,FESA4,48.66,46.85,49.9,2.33,42.56,59.83,-6.48,36.46,6.69,7.73,6.34,4.7166882276843465,-0.25071927661323457,21.19,1.34,5.89,4.2,24.15,-0.22,Siderurgia,,,
267,FHER3,8.06,7.87,8.23,1.9,7.87,18.05,-45.17,1.89,0.0,-8.38,-0.96,-0.22553699284009543,-0.7655086848635236,-443.85,4.28,-0.89,1.35,-8.02,-0.36,Fertilizantes e Defensivos,,,
268,FIBR3,66.3,0.0,0.0,0.0,0.0,0.0,0.0,25.55,0.0,5.51,12.03,4.637023593466425,-0.6146304675716441,21.57,2.59,7.63,1.46,16.71,1.03,Papel e Celulose,,,
269,FIEI3,14.49,13.5,15.0,4.7,10.58,19.99,-27.51,36.37,0.0,2.05,7.08,17.741463414634147,1.510006901311249,5.63,0.4,-2.84,3.03,190.77,-0.05,Incorporacoes,,,
270,FIGE3,11.99,6.02,12.03,0.0,0.0,0.0,0.0,65.33,0.33,3.72,3.22,17.561827956989244,4.448707256046705,5.69,0.18,0.53,0.0,45.78,0.0,Outros,,,
271,FIGE4,0.0,0.0,0.0,0.0,0.0,0.0,0.0,65.33,0.0,3.72,0.0,17.561827956989244,inf,5.69,0.0,0.53,0.0,45.78,0.0,Outros,,,
272,FIQE3,3.85,3.78,3.87,-0.52,2.88,4.53,-12.1,2.91,3.3,0.33,11.69,8.818181818181818,-0.24415584415584413,11.26,1.32,6.56,1.48,15.06,-0.1,Telecomunicacoes,,,
273,FLEX3,0.0,0.0,0.0,0.0,0.0,0.0,0.0,-112.78,0.0,-106.4,0.0,1.0599624060150374,-inf,-94.35,0.0,-0.44,0.15,-102.95,0.0,Servicos Diversos,,,
274,FLRY3,14.5,14.25,14.68,-0.55,13.12,18.25,-4.23,9.31,3.2,0.54,26.86,17.24074074074074,-0.35793103448275854,5.79,1.56,15.08,1.37,5.72,0.65,Serv Mao Hosp Analises e Diagnosticos,IBOV,SMLL,
275,FNCN3,14.25,11.6,14.3,0.0,0.0,0.0,0.0,14.92,3.75,5.38,2.65,2.7732342007434942,0.04701754385964918,36.09,0.96,34.09,9.54,132.47,0.0,Soc Credito e Financiamento,,,
276,FRAS3,14.77,14.41,14.84,2.5,8.71,14.84,22.57,7.02,2.84,1.09,13.39,6.440366972477063,-0.5247122545700744,15.59,2.09,8.28,2.64,8.88,-0.06,Material Rodoviario,,,
277,FRIO3,45.0,45.0,45.0,0.0,20.0,56.0,34.29,-101.49,0.0,-45.87,-0.98,2.2125572269457163,-3.255333333333333,-45.2,-0.44,11.83,0.68,-9.48,0.0,Maq Equip Industriais,,,
278,FRTA3,2.36,2.27,2.45,2.61,2.13,3.9,-24.84,-35.41,0.0,-3.54,-0.67,10.00282485875706,-16.00423728813559,-10.01,-0.07,-19.74,0.04,-97.99,0.0,Agricultura,,,
279,FTRT3B,0.0,0.0,0.0,0.0,0.0,0.0,0.0,0.01,0.0,0.0,0.0,inf,inf,-0.95,0.0,0.0,0.0,0.0,0.0,Outros,,,
280,G2DI33,2.18,2.1,2.26,3.32,1.82,4.6,-33.13,7.12,0.0,0.67,3.26,10.62686567164179,2.2660550458715596,9.47,0.31,3.65,1.21,80.51,0.05,Gestao Recursos e Investimentos,,,
281,GBIO33,10.4,10.3,10.4,0.0,0.0,0.0,0.0,7.86,0.0,-0.69,-14.97,-11.391304347826088,-0.24423076923076925,-8.83,1.32,47.57,1.31,-10.14,0.25,Medicamentos e Outros Produtos,,,
282,GEPA3,25.51,25.51,27.4,-6.9,21.18,27.9,11.64,21.86,12.59,3.59,7.11,6.089136490250697,-0.14308114464915722,16.42,1.17,5.53,0.48,23.81,0.29,Energia Eletrica,,,
283,GEPA4,26.0,25.81,26.9,-3.35,22.56,28.18,3.34,21.86,12.35,3.59,7.24,6.089136490250697,-0.1592307692307693,16.42,1.19,5.53,0.48,23.81,0.29,Energia Eletrica,,,
284,GETT11,4.81,4.65,5.0,3.44,4.5,5.0,4.11,1.94,0.0,0.32,15.12,6.0625,-0.5966735966735967,16.41,2.48,0.0,1.03,17.71,0.17,Servicos Financeiros Diversos,,,
285,GETT3,2.4,2.26,2.4,6.19,2.26,2.4,3.45,1.94,0.0,0.32,7.55,6.0625,-0.19166666666666665,16.41,1.24,0.0,1.03,17.71,0.17,Servicos Financeiros Diversos,,,
286,GETT4,2.4,2.28,2.4,5.26,2.22,2.47,5.26,1.94,0.0,0.32,7.55,6.0625,-0.19166666666666665,16.41,1.24,0.0,1.03,17.71,0.17,Servicos Financeiros Diversos,,,
287,GFSA3,4.38,4.18,4.97,-11.87,4.18,30.7,-59.85,28.08,0.0,-2.81,-1.57,-9.992882562277579,5.410958904109589,-10.02,0.16,-8.87,2.32,-14.2,0.92,Incorporacoes,,SMLL,
288,GGBR3,24.02,23.45,24.32,-1.23,16.83,25.88,42.72,27.87,13.77,5.44,4.39,5.123161764705882,0.16028309741881763,19.52,0.86,3.58,2.94,12.54,0.13,Siderurgia,,,
289,GGBR4,25.67,25.31,26.18,-1.19,20.33,32.1,26.36,27.87,12.76,5.44,4.74,5.123161764705882,0.08570315543435925,19.52,0.92,3.58,2.94,12.54,0.13,Siderurgia,IBOV,,
290,GGPS3,18.35,17.64,18.88,-2.81,10.54,18.88,39.02,4.18,1.41,0.85,21.6,4.917647058823529,-0.7722070844686648,20.31,4.39,11.87,2.63,5.68,0.2,Logistica,,,
291,GMAT3,7.29,6.75,7.41,4.58,5.08,8.28,8.3,3.61,0.0,0.51,14.5,7.078431372549019,-0.5048010973936901,14.04,2.04,11.87,2.98,4.62,0.26,Alimentos,,,
292,GNDI3,66.95,65.57,71.49,0.0,0.0,0.0,0.0,11.47,0.0,-0.02,-3584.81,-573.5,-0.8286781179985063,-0.16,5.84,109.34,1.17,-0.1,0.27,Serv Mao Hosp Analises e Diagnosticos,IBOV,,
293,GOAU3,11.86,11.51,12.0,0.42,8.57,13.04,38.39,16.83,9.83,3.1,3.81,5.429032258064516,0.4190556492411466,18.39,0.7,1.27,3.03,4.2,0.32,Siderurgia,,,
294,GOAU4,11.87,11.56,12.08,-0.67,9.0,13.95,31.53,16.83,9.74,3.1,3.85,5.429032258064516,0.4178601516427969,18.39,0.71,1.27,3.03,4.2,0.32,Siderurgia,IBOV,SMLL,
295,GOLL4,6.58,6.57,7.24,-9.25,5.06,13.19,-35.59,-6.38,0.0,-0.04,-147.71,159.5,-1.9696048632218845,-0.7,-1.03,7.14,0.21,-0.8,0.0,Transporte Aereo,IBOV,SMLL,
296,GPAR3,44.51,44.51,44.51,0.0,37.98,46.0,17.19,9.04,0.0,1.02,43.69,8.862745098039214,-0.7968995731296338,11.27,4.92,369.81,30.76,694.19,-0.24,Energia Eletrica,,,
297,GPIV33,3.04,3.04,3.09,0.0,2.06,3.88,-21.65,24.9,0.0,-9.22,-0.33,-2.7006507592190885,7.190789473684211,-37.04,0.12,-1.53,0.6,185.32,0.35,Gestao Recursos e Investimentos,,,
298,GRAO3,0.0,0.0,0.0,0.0,0.0,0.0,0.0,1.21,0.0,0.67,0.0,1.8059701492537312,inf,55.75,0.0,3.07,0.88,1.89,2.88,Agricultura,,,
299,GRND3,7.11,6.82,7.21,0.0,4.96,7.68,17.91,3.74,20.24,0.62,11.46,6.032258064516129,-0.47398030942334735,16.52,1.89,24.87,7.66,22.64,-0.2,Calcados,,SMLL,
300,GSHP3,14.0,14.0,14.0,0.0,14.0,25.5,-44.53,-392.36,0.0,-9.64,-1.45,40.70124481327801,-29.025714285714287,-2.46,-0.04,39.49,0.78,-12.06,0.0,Exploracao de Imoveis,,,
301,GUAR3,6.43,5.99,6.85,-4.6,3.72,10.38,-31.52,10.14,0.32,-0.18,-36.32,-56.333333333333336,0.5769828926905134,-1.73,0.63,13.95,1.65,-1.03,0.34,Tecidos Vestuario e Calcados,,SMLL,
302,GUAR4,151.0,0.0,0.0,0.0,0.0,0.0,0.0,10.14,0.0,-0.18,-861.0,-56.333333333333336,-0.9328476821192053,-1.73,14.89,13.95,1.65,-1.03,0.34,Tecidos Vestuario e Calcados,,,
303,HAGA3,2.79,2.72,2.87,-2.11,1.71,4.21,-2.11,-4.66,0.0,0.64,4.35,-7.28125,-2.6702508960573477,-13.78,-0.6,0.46,1.93,25.82,0.0,Produtos para Construcao,,,
304,HAGA4,1.31,1.28,1.33,0.0,0.89,1.52,0.78,-4.66,0.0,0.64,2.04,-7.28125,-4.557251908396946,-13.78,-0.28,0.46,1.93,25.82,0.0,Produtos para Construcao,,,
305,HAPV3,4.48,4.37,4.64,1.13,1.94,8.32,-41.67,6.54,0.0,-0.1,-43.34,-65.39999999999999,0.4598214285714284,-1.59,0.69,240.72,1.15,-2.97,0.12,Serv Mao Hosp Analises e Diagnosticos,IBOV,,
306,HBOR3,2.88,2.72,3.07,-6.19,1.81,4.41,2.13,10.35,3.15,0.31,9.22,33.387096774193544,2.59375,3.04,0.28,11.21,3.62,3.87,1.19,Incorporacoes,,SMLL,
307,HBRE3,5.59,5.27,5.65,-1.06,3.65,6.67,7.5,18.48,0.0,0.62,9.04,29.806451612903228,2.305903398926655,3.34,0.3,6.18,1.17,42.92,0.49,Exploracao de Imoveis,,,
308,HBSA3,4.58,4.09,4.61,11.98,1.73,4.61,83.94,1.96,0.0,0.1,46.85,19.599999999999998,-0.5720524017467249,5.0,2.34,16.19,2.13,3.77,2.4,Transporte Hidroviario,,,
309,HBTS5,51.0,48.2,51.0,5.81,23.0,56.7,68.09,62.76,5.68,13.11,3.89,4.787185354691076,0.23058823529411754,20.89,0.81,4.61,0.77,118.82,0.27,Exploracao de Imoveis,,,
310,HETA3,96.0,96.0,96.0,0.0,0.0,0.0,0.0,-689.01,0.0,403.24,0.24,-1.7086846543001686,-8.177187499999999,-58.52,-0.14,155.5,0.73,6168.36,0.0,Utensilios Domesticos,,,
311,HETA4,6.4,6.09,6.48,5.09,3.43,7.47,34.17,-689.01,0.0,403.24,0.02,-1.7086846543001686,-108.65781249999999,-58.52,-0.01,155.5,0.73,6168.36,0.0,Utensilios Domesticos,,,
312,HGTX3,37.5,35.13,38.52,0.0,0.0,0.0,0.0,10.49,0.0,0.37,101.99,28.35135135135135,-0.7202666666666666,3.51,3.57,-713.65,2.47,4.1,0.03,Vestuario,IBOV,SMLL,
313,HOOT3,0.0,0.0,0.0,0.0,0.0,0.0,0.0,-11.55,0.0,7.62,0.0,-1.515748031496063,-inf,-66.02,0.0,0.04,0.13,109.2,0.0,Hotelaria,,,
314,HOOT4,2.22,2.15,2.29,3.26,1.01,2.85,26.86,-11.55,0.0,7.62,0.29,-1.515748031496063,-6.202702702702703,-66.02,-0.19,0.04,0.13,109.2,0.0,Hotelaria,,,
315,HYPE3,39.0,38.45,40.4,-2.01,35.6,49.87,-6.52,17.44,3.15,2.74,14.25,6.364963503649635,-0.5528205128205128,15.7,2.24,12.34,1.96,21.45,0.7,Medicamentos e Outros Produtos,IBOV,,
316,IDVL3,2.16,1.86,2.74,0.0,0.0,0.0,0.0,2.31,0.0,-2.18,-0.99,-1.0596330275229358,0.06944444444444442,-94.38,0.93,-3.84,1.26,-154.6,0.0,Bancos,,,
317,IDVL4,2.67,2.51,3.03,0.0,0.0,0.0,0.0,2.31,0.0,-2.18,-1.22,-1.0596330275229358,-0.1348314606741573,-94.38,1.16,-3.84,1.26,-154.6,0.0,Bancos,,,
318,IFCM3,1.47,1.48,1.94,-23.71,0.96,6.3,-75.0,3.66,0.0,-0.71,-2.13,-5.154929577464789,1.489795918367347,-19.52,0.42,-17.4,1.03,-27.93,0.37,Programas e Servicos,,,
319,IGBR3,175.99,153.0,175.99,15.03,28.75,175.99,418.07,-520.56,0.0,312.87,0.56,-1.663822034710902,-3.9578953349622132,-60.1,-0.34,1.06,0.33,5379.32,0.0,Exploracao de Imoveis,,,
320,IGSN3,0.0,0.0,0.0,0.0,0.0,0.0,0.0,7.09,0.0,-1.05,0.0,-6.752380952380952,inf,-14.79,0.0,21.03,1.05,-19.99,1.93,Agua e Saneamento,,,
321,IGTA3,33.0,31.05,34.14,0.0,0.0,0.0,0.0,17.49,0.0,1.29,25.63,13.55813953488372,-0.4700000000000001,7.36,1.89,13.07,1.37,21.56,0.43,Exploracao de Imoveis,IBOV,SMLL,
322,IGTI11,21.32,20.26,21.63,0.38,16.35,23.08,9.64,10.05,1.73,0.69,30.54,14.56521739130435,-0.5286116322701688,6.91,2.11,13.81,3.22,25.61,0.47,Exploracao de Imoveis,,,
323,IGTI3,2.76,2.71,2.79,0.0,2.19,2.97,12.2,3.35,1.89,0.23,11.93,14.565217391304348,0.21376811594202905,6.91,0.82,13.81,3.22,25.61,0.47,Exploracao de Imoveis,,,
324,IGTI4,9.2,8.74,9.4,0.33,6.86,10.14,4.31,3.35,1.71,0.23,39.76,14.565217391304348,-0.6358695652173912,6.91,2.75,13.81,3.22,25.61,0.47,Exploracao de Imoveis,,,
325,INEP3,4.29,4.27,4.45,0.0,3.89,9.4,-35.3,-40.94,0.0,-8.71,-0.48,4.700344431687714,-10.543123543123542,-21.28,-0.1,-10.72,0.08,-4213.94,0.0,Maq Equip Industriais,,,
326,INEP4,3.23,3.16,3.35,1.57,3.08,8.6,-50.31,-40.94,0.0,-8.71,-0.37,4.700344431687714,-13.674922600619194,-21.28,-0.08,-10.72,0.08,-4213.94,0.0,Maq Equip Industriais,,,
327,INNT3,0.0,0.0,0.0,0.0,0.0,0.0,0.0,1.85,0.0,0.47,0.0,3.936170212765958,inf,25.37,0.0,4.92,1.04,9.04,1.51,Incorporacoes,,,
328,INTB3,23.11,22.0,23.17,2.99,21.89,35.78,-16.39,7.36,1.76,1.63,14.17,4.515337423312884,-0.6815231501514496,22.12,3.13,14.02,2.59,12.24,-0.14,Computadores e Equipamentos,,,
329,IRBR3,43.77,40.8,43.8,4.18,18.45,53.53,23.33,50.3,0.0,-3.75,-11.73,-13.413333333333332,0.14918894219785228,-7.47,0.88,-3.34,0.78,-4.56,0.0,Seguradoras,IBOV,SMLL,
330,ITEC3,40.1,40.1,40.1,0.0,0.0,0.0,0.0,1.82,0.0,-1.14,-35.12,-1.5964912280701757,-0.9546134663341646,-62.76,22.04,-13.21,5.23,-7435.88,-1.02,Computadores e Equipamentos,,,
331,ITSA3,9.43,9.1,9.48,-0.53,7.78,9.98,15.14,7.92,6.07,1.37,6.92,5.781021897810218,-0.16012725344644752,17.26,1.19,6.13,1.49,169.98,0.07,Bancos,,,
332,ITSA4,9.33,9.01,9.37,0.32,7.51,9.79,15.54,7.92,6.12,1.37,6.86,5.781021897810218,-0.1511254019292605,17.26,1.19,6.13,1.49,169.98,0.07,Bancos,IBOV,,IDIV
333,ITUB3,23.47,22.8,23.55,0.34,19.31,25.26,6.63,18.24,5.21,3.22,7.3,5.664596273291925,-0.22283766510438863,17.65,1.29,6.68,0.0,9.29,0.0,Bancos,,,IDIV
334,ITUB4,27.61,26.73,27.75,-0.29,22.64,30.33,5.63,18.24,4.43,3.22,8.6,5.664596273291925,-0.3393697935530605,17.65,1.52,6.68,0.0,9.29,0.0,Bancos,IBOV,,IDIV
335,JALL3,9.07,8.5,9.15,6.67,6.22,9.15,36.12,6.74,4.89,2.71,3.34,2.4870848708487086,-0.25689084895259096,40.16,1.34,5.43,2.53,42.37,1.31,Acucar e Alcool,,,
336,JBSS3,18.97,18.43,19.03,2.49,15.28,25.41,-25.34,19.1,10.55,2.1,9.05,9.095238095238095,0.00685292567211393,10.97,0.99,-8.62,1.43,1.26,1.89,Carnes e Derivados,IBOV,,
337,JFEN3,2.78,2.49,2.78,2.96,2.27,4.9,-42.68,-30.46,0.0,-1.27,-2.01,23.984251968503937,-11.956834532374101,-4.17,-0.08,-11.11,0.85,-35.66,0.0,Incorporacoes,,,
338,JHSF3,4.98,4.67,5.0,3.97,3.29,6.99,-28.69,7.41,9.44,0.68,7.27,10.897058823529411,0.4879518072289155,9.21,0.67,7.62,3.42,27.67,0.47,Incorporacoes,IBOV,SMLL,
339,JOPA3,21.05,21.0,21.05,0.24,20.71,23.11,0.91,53.87,3.9,1.35,15.56,39.9037037037037,1.5591448931116387,2.51,0.39,8.39,1.78,0.65,1.14,Alimentos Diversos,,,
340,JOPA4,33.8,33.8,33.8,0.0,33.8,36.53,-1.11,53.87,2.67,1.35,24.98,39.9037037037037,0.5937869822485207,2.51,0.63,8.39,1.78,0.65,1.14,Alimentos Diversos,,,
341,JSLG3,8.89,8.39,8.93,-0.45,5.05,10.63,53.28,5.75,2.67,1.27,6.97,4.52755905511811,-0.35320584926884147,22.07,1.54,6.55,1.48,5.43,3.03,Transporte Rodovirio,,,
342,KEPL3,12.09,11.25,12.05,6.07,6.76,12.05,23.46,3.72,9.44,1.74,6.91,2.137931034482759,-0.6923076923076923,46.85,3.24,5.02,1.93,19.31,-0.17,Maq Equip Industriais,,,
343,KLBN11,22.82,22.11,23.17,-1.04,16.96,23.33,27.17,10.49,6.11,4.04,5.67,2.5965346534653464,-0.5403155127081507,38.54,2.18,7.11,1.86,23.06,1.66,Papel e Celulose,IBOV,,IDIV
344,KLBN3,4.59,4.42,4.65,-0.22,3.36,4.7,28.21,2.1,6.11,0.81,5.67,2.5925925925925926,-0.5424836601307189,38.54,2.18,7.11,1.86,23.06,1.66,Papel e Celulose,,,
345,KLBN4,4.58,4.44,4.63,-0.65,3.32,4.7,30.57,2.1,6.11,0.81,5.67,2.5925925925925926,-0.5414847161572052,38.54,2.18,7.11,1.86,23.06,1.66,Papel e Celulose,,,
346,KRSA3,1.06,1.06,1.34,-20.9,0.78,2.83,-60.59,1.36,0.0,-0.29,-3.96,-4.689655172413794,0.28301886792452824,-21.17,0.84,13.01,2.02,-10.26,2.14,Serv Mao Hosp Analises e Diagnosticos,,,
347,LAME3,6.6,5.05,6.6,0.0,0.0,0.0,0.0,3.46,0.0,0.31,21.15,11.161290322580646,-0.4757575757575757,9.02,1.91,16.86,1.72,2.27,1.01,Produtos Diversos,,,
348,LAME4,6.57,0.86,0.98,-12.24,0.71,21.1,-94.67,3.46,0.0,0.31,21.06,11.161290322580646,-0.4733637747336378,9.02,1.9,16.86,1.72,2.27,1.01,Produtos Diversos,IBOV,,
349,LAND3,23.0,20.0,22.9,-1.57,20.0,29.67,-13.84,7.29,5.9,1.53,14.98,4.764705882352941,-0.6830434782608696,21.03,3.15,34.1,0.19,150.05,0.12,Agricultura,,,
350,LAVV3,8.2,7.91,8.48,-3.19,4.2,8.82,58.0,6.16,3.59,0.78,10.55,7.897435897435897,-0.24878048780487794,12.6,1.33,8.13,4.33,21.54,-0.39,Incorporacoes,,,
351,LCAM3,24.15,24.15,24.15,0.0,0.0,0.0,0.0,13.87,0.0,0.64,37.5,21.671875,-0.42567287784679086,4.64,1.74,10.76,1.02,4.3,1.43,Aluguel de carros,IBOV,SMLL,
352,LEVE3,50.19,47.89,50.78,2.41,20.16,50.78,136.97,11.11,8.79,5.51,9.01,2.016333938294011,-0.7786411635784021,49.55,4.46,7.44,1.93,15.85,0.13,Automoveis e Motocicletas,,SMLL,IDIV
353,LHER3,0.0,0.0,0.0,0.0,0.0,0.0,0.0,141.54,0.0,2.76,0.0,51.28260869565217,inf,1.95,0.0,-3.77,6.36,10.99,-0.15,Exploracao de Imoveis,,,
354,LHER4,0.0,0.0,0.0,0.0,0.0,0.0,0.0,141.54,0.0,2.76,0.0,51.28260869565217,inf,1.95,0.0,-3.77,6.36,10.99,-0.15,Exploracao de Imoveis,,,
355,LIGT3,5.59,5.45,6.24,-11.7,1.92,9.77,-1.61,8.21,0.0,-14.14,-0.39,-0.5806223479490806,0.46869409660107353,-172.2,0.67,-5.37,0.27,-39.74,2.8,Energia Eletrica,,SMLL,
356,LINX3,37.4,36.76,37.56,0.0,0.0,0.0,0.0,8.55,0.0,-0.41,-90.95,-20.853658536585368,-0.7713903743315508,-4.81,4.38,-159.3,2.14,-8.67,-0.14,Programas e Servicos,,SMLL,
357,LIPR3,73.0,73.0,73.0,0.0,65.69,73.2,10.98,18.07,3.24,1.95,37.47,9.266666666666667,-0.7524657534246575,10.78,4.04,40.93,11.06,0.0,-0.09,Energia Eletrica,,,
358,LJQQ3,4.56,4.44,4.95,-7.88,3.18,6.72,-28.75,2.74,0.0,-0.17,-26.21,-16.11764705882353,-0.39912280701754377,-6.3,1.65,16.24,1.71,-1.38,0.35,Produtos Diversos,,SMLL,
359,LOGG3,20.43,18.71,20.87,5.64,13.78,25.97,-17.29,35.67,4.51,2.2,9.24,16.213636363636365,0.7459618208516887,6.18,0.57,10.6,2.36,91.28,0.44,Exploracao de Imoveis,,SMLL,
360,LOGN3,48.45,38.41,48.45,18.75,27.88,53.0,37.25,8.78,0.0,3.55,13.56,2.473239436619718,-0.8187822497420021,40.42,5.48,15.67,1.58,17.4,0.96,Transporte Hidroviario,,SMLL,
361,LPSB3,2.6,2.5,2.76,-4.41,1.46,3.52,-12.75,1.36,0.78,0.04,70.83,34.0,-0.4769230769230769,2.77,1.96,9.39,1.63,2.91,-0.25,Intermediacao Imobiliaria,,SMLL,
362,LREN3,16.08,15.52,16.77,-4.11,14.46,30.52,-38.2,10.08,4.5,1.05,15.19,9.6,-0.3731343283582089,10.46,1.59,14.5,1.73,7.63,-0.06,Tecidos Vestuario e Calcados,IBOV,,
363,LTEL3B,86.61,86.61,86.61,0.0,0.0,0.0,0.0,15.16,1.41,5.25,16.5,2.8876190476190478,-0.8249624754647269,34.63,5.71,16.65,0.52,0.0,-0.01,Minerais Metalicos,,,
364,LUPA3,2.39,2.39,2.8,-14.64,2.32,7.54,-42.82,4.56,0.0,1.13,2.11,4.035398230088496,0.9079497907949787,24.86,0.52,-3.75,1.33,40.69,0.94,Equipamentos e Servicos,,,
365,LUXM3,0.0,0.0,0.0,0.0,0.0,0.0,0.0,5.59,0.0,0.7,0.0,7.985714285714286,inf,12.61,0.0,9.56,0.96,10.86,-0.03,Transporte Hidroviario,,,
366,LUXM4,19.0,19.0,19.0,0.0,18.44,22.5,-3.01,5.59,0.0,0.7,26.95,7.985714285714286,-0.7057894736842105,12.61,3.4,9.56,0.96,10.86,-0.03,Transporte Hidroviario,,,
367,LVTC3,4.5,4.45,4.65,-3.23,4.45,8.9,-40.87,9.95,0.3,0.21,21.19,47.38095238095238,1.2111111111111108,2.15,0.46,3.28,2.88,1.37,-0.11,Programas e Servicos,,,
368,LWSA3,6.96,6.87,7.46,-3.58,4.43,11.08,-22.48,4.89,0.76,-0.03,-216.11,-163.0,-0.2974137931034483,-0.66,1.42,49.75,1.48,-1.56,-0.34,Programas e Servicos,,SMLL,
369,MAGG3,59.4,0.0,0.0,0.0,0.0,0.0,0.0,44.89,0.0,-0.5,-119.99,-89.78,-0.2442760942760942,-1.1,1.32,11.3,1.14,-0.57,0.76,Materiais Diversos,,,
370,MAPT3,30.05,30.05,30.05,0.0,30.05,30.05,0.0,-6.75,0.0,-0.17,-174.76,39.705882352941174,-1.2246256239600666,-2.55,-4.45,-118.77,0.0,0.0,0.0,Outros,,,
371,MAPT4,11.0,11.0,11.0,0.0,6.82,11.12,-1.08,-6.75,0.0,-0.17,-63.97,39.705882352941174,-1.6136363636363638,-2.55,-1.63,-118.77,0.0,0.0,0.0,Outros,,,
372,MATD3,9.65,9.7,10.25,-0.82,6.16,11.14,12.92,4.31,0.66,0.3,32.38,14.366666666666665,-0.5533678756476684,6.94,2.25,11.26,2.81,5.54,0.58,Serv Mao Hosp Analises e Diagnosticos,,,
373,MBLY3,3.58,3.6,4.33,-9.32,1.73,4.84,40.08,4.84,0.0,-0.71,-5.0,-6.816901408450704,0.35195530726256985,-14.7,0.74,-4.77,3.49,-12.42,0.02,Produtos Diversos,,,
374,MDIA3,39.06,36.95,39.06,5.31,24.05,44.92,-5.42,20.64,0.51,1.47,26.72,14.040816326530614,-0.4715821812596006,7.12,1.9,21.85,2.07,4.5,0.17,Alimentos Diversos,,SMLL,
375,MDNE3,10.8,10.32,11.62,-7.06,4.73,12.3,54.29,14.8,0.0,1.5,7.14,9.866666666666667,0.37037037037037024,10.14,0.72,6.7,2.76,12.95,-0.06,Incorporacoes,,,
376,MEAL3,1.95,1.93,2.01,-2.5,1.82,3.01,-4.88,3.76,0.0,0.34,5.82,11.058823529411763,0.9282051282051282,8.9,0.52,3.54,0.77,4.23,0.33,Restaurante e Similares,,SMLL,
377,MEGA3,10.86,9.85,11.27,6.26,7.83,11.71,4.62,7.96,0.0,-0.01,-954.87,-796.0,-0.26703499079189685,-0.14,1.37,22.31,0.61,-0.27,1.68,Energia Eletrica,,,
378,MELK3,4.62,4.17,4.62,6.45,2.59,4.91,21.58,5.79,7.39,0.39,11.52,14.846153846153845,0.2532467532467533,6.74,0.78,13.67,3.11,7.61,-0.14,Incorporacoes,,,
379,MERC3,15.28,15.28,15.28,0.0,14.74,17.0,-10.12,13.81,0.0,-0.2,-76.53,-69.05,-0.09620418848167533,-1.45,1.11,-39.83,0.0,-7.54,0.0,Soc Credito e Financiamento,,,
380,MERC4,7.25,7.0,7.25,3.57,6.28,12.35,-6.09,13.81,6.21,-0.2,-36.31,-69.05,0.9048275862068966,-1.45,0.53,-39.83,0.0,-7.54,0.0,Soc Credito e Financiamento,,,
381,MGEL3,19.13,19.13,19.13,0.0,0.0,0.0,0.0,5.55,0.0,38.43,0.5,0.1444184231069477,-0.7098797699947725,692.47,3.45,7.64,1.49,23.18,17.45,Artefatos de Ferro e Aco,,,
382,MGEL4,15.61,15.61,16.4,-4.7,11.22,18.95,-10.75,5.55,0.0,38.43,0.41,0.1444184231069477,-0.6444586803331198,692.47,2.81,7.64,1.49,23.18,17.45,Artefatos de Ferro e Aco,,,
383,MGLU3,2.58,2.51,2.86,-10.14,2.37,5.37,-40.78,1.48,0.0,-0.13,-19.52,-11.384615384615383,-0.4263565891472868,-8.95,1.75,45.41,1.25,-2.38,0.47,Eletrodomesticos,IBOV,,
384,MILS3,13.24,12.78,13.69,1.61,8.42,13.73,25.5,5.43,1.67,0.99,13.43,5.484848484848484,-0.5898791540785498,18.18,2.44,9.36,2.83,19.1,0.39,Servicos Diversos,,SMLL,
385,MLAS3,3.17,3.07,3.42,-7.02,1.26,5.86,-41.44,4.58,0.0,-0.53,-5.97,-8.641509433962264,0.44479495268138813,-11.61,0.69,-8.26,3.27,-10.87,0.05,Computadores e Equipamentos,,,
386,MMAQ3,0.0,0.0,0.0,0.0,0.0,0.0,0.0,5503.84,0.0,873.91,0.0,6.297948301312492,inf,15.88,0.0,3.19,1.58,4.08,0.76,Material de Transporte,,,
387,MMAQ4,49.73,48.8,61.38,0.0,0.0,0.0,0.0,5503.84,503.4,873.91,0.06,6.297948301312492,109.67444198672834,15.88,0.01,3.19,1.58,4.08,0.76,Material de Transporte,,,
388,MMXM3,14.0,14.0,25.7,0.0,0.0,0.0,0.0,-129.88,0.0,-6.46,-2.17,20.105263157894736,-10.277142857142858,-4.97,-0.11,-719.57,0.01,0.0,0.0,Minerais Metalicos,,,
389,MNDL3,56.0,52.21,58.0,-1.58,26.04,60.0,96.49,68.56,0.0,368.06,0.15,0.18627397706895615,0.22428571428571442,536.81,0.8,4.97,0.73,112.86,2.21,Acessorios,,,
390,MNPR3,15.6,15.43,17.49,-6.36,5.75,17.49,99.23,-46.09,0.0,-0.22,-72.92,209.50000000000003,-3.9544871794871796,-0.47,-0.35,3.18,0.33,-0.4,0.0,Carnes e Derivados,,,
391,MOAR3,385.0,354.19,385.0,8.7,286.13,466.79,-12.85,127.0,1.27,67.59,5.7,1.8789761799082703,-0.6701298701298701,53.22,3.03,3.75,3.5,0.0,-0.16,Holdings Diversificadas,,,
392,MODL11,8.46,8.06,8.9,3.3,8.4,8.46,0.71,5.09,0.0,-0.31,-27.27,-16.419354838709676,-0.3983451536643027,-6.1,1.66,-29.26,0.0,-5.48,0.0,Bancos,,,
393,MODL3,3.08,2.46,3.23,24.39,1.49,3.23,9.61,1.7,1.42,-0.1,-29.78,-17.0,-0.44805194805194803,-6.1,1.82,-29.26,0.0,-5.48,0.0,Bancos,,,
394,MODL4,2.72,2.62,2.89,-1.09,2.72,2.78,-2.16,1.7,0.0,-0.1,-26.3,-17.0,-0.3750000000000001,-6.1,1.6,-29.26,0.0,-5.48,0.0,Bancos,,,
395,MOSI3,8.24,7.4,8.46,0.0,0.0,0.0,0.0,5.27,0.0,0.26,32.29,20.269230769230766,-0.3604368932038836,4.84,1.56,36.94,13.23,14.75,-0.81,Programas e Servicos,,,
396,MOVI3,12.76,12.16,12.97,-1.93,6.0,14.28,-6.4,8.48,3.33,0.32,40.32,26.5,-0.335423197492163,3.73,1.51,7.68,1.63,1.09,3.71,Aluguel de carros,,SMLL,
397,MPLU3,26.8,0.0,0.0,0.0,0.0,0.0,0.0,1.54,0.0,2.2,12.2,0.7,-0.9425373134328359,142.4,17.37,7.73,1.06,56.37,-4.42,Programas de Fidelizacao,,,
398,MRFG3,7.37,7.3,7.61,0.41,6.14,10.88,-30.35,6.14,12.31,-2.46,-3.01,-2.495934959349593,-0.16689280868385348,-39.99,1.2,31.88,1.14,-1.17,10.74,Carnes e Derivados,IBOV,SMLL,
399,MRSA3B,25.06,25.06,25.06,0.0,22.02,26.78,13.81,17.63,2.33,3.08,8.13,5.724025974025974,-0.29648842777334394,17.48,1.42,5.69,0.81,17.7,0.54,Transporte Ferroviario,,,
400,MRSA5B,26.78,26.78,26.78,0.0,22.06,28.0,7.12,17.63,2.4,3.08,8.69,5.724025974025974,-0.34167289021657965,17.48,1.52,5.69,0.81,17.7,0.54,Transporte Ferroviario,,,
401,MRSA6B,26.39,26.39,26.39,0.0,22.0,26.39,14.44,17.63,2.44,3.08,8.56,5.724025974025974,-0.3319439181508148,17.48,1.5,5.69,0.81,17.7,0.54,Transporte Ferroviario,,,
402,MRVE3,12.06,11.54,12.16,2.46,5.53,14.14,-0.25,10.71,1.65,-0.21,-56.16,-51.00000000000001,-0.11194029850746268,-2.0,1.12,-544.49,2.06,-1.75,1.25,Incorporacoes,IBOV,SMLL,IDIV
403,MSPA3,46.25,46.25,46.25,0.0,0.0,0.0,0.0,128.8,0.12,2.61,17.74,49.34865900383142,1.7848648648648653,2.02,0.36,14.19,1.46,8.25,0.12,Jornais. Livros e Revistas,,,
404,MSPA4,40.0,40.0,40.93,-2.27,40.0,40.93,-2.27,128.8,0.15,2.61,15.34,49.34865900383142,2.22,2.02,0.31,14.19,1.46,8.25,0.12,Jornais. Livros e Revistas,,,
405,MSRO3,702.5,702.5,702.5,0.0,0.0,0.0,0.0,2.77,0.0,0.41,1733.91,6.75609756097561,-0.9960569395017793,14.64,253.87,414.12,1.02,7.41,1.8,Aluguel de carros,,,
406,MTIG3,0.0,0.0,0.0,0.0,0.0,0.0,0.0,-0.06,0.0,-0.46,0.0,0.13043478260869565,-inf,-725.28,0.0,-1.28,0.27,-113.09,0.0,Embalagens,,,
407,MTIG4,23.0,23.0,25.0,-8.0,23.0,28.0,-17.86,-0.06,0.0,-0.46,-49.52,0.13043478260869565,-1.0026086956521738,-725.28,-359.15,-1.28,0.27,-113.09,0.0,Embalagens,,,
408,MTRE3,5.36,5.03,5.36,1.9,2.87,6.96,17.54,9.72,17.38,0.92,5.73,10.565217391304348,0.8134328358208955,9.49,0.54,10.8,2.85,12.11,0.39,Incorporacoes,,SMLL,
409,MTSA3,77.0,77.0,77.0,0.0,67.23,77.0,14.53,47.51,3.05,10.75,7.16,4.41953488372093,-0.382987012987013,22.64,1.62,4.21,3.6,13.02,-0.22,Maq Equip Construcao e Agricolas,,,
410,MTSA4,51.15,51.15,52.39,-1.63,32.68,53.0,30.58,47.51,4.97,10.75,4.84,4.41953488372093,-0.07116324535679375,22.64,1.09,4.21,3.6,13.02,-0.22,Maq Equip Construcao e Agricolas,,,
411,MULT3,26.08,24.82,26.27,4.2,19.8,28.12,10.52,11.34,3.25,1.46,17.76,7.767123287671233,-0.5651840490797546,12.91,2.29,12.5,1.13,46.15,0.28,Exploracao de Imoveis,IBOV,SMLL,
412,MWET3,13.3,13.29,13.3,0.08,13.28,35.1,-62.11,-5.81,0.0,14.94,0.89,-0.3888888888888889,-1.436842105263158,-257.12,-2.29,21.27,0.86,10.62,0.0,Material Rodoviario,,,
413,MWET4,10.0,9.63,10.0,3.84,8.9,13.5,-2.06,-5.81,0.0,14.94,0.67,-0.3888888888888889,-1.581,-257.12,-1.72,21.27,0.86,10.62,0.0,Material Rodoviario,,,
414,MYPK3,14.7,14.22,15.02,3.38,9.93,15.43,18.64,24.63,3.43,-0.19,-77.83,-129.6315789473684,0.6755102040816328,-0.76,0.59,7.25,1.45,-0.18,0.99,Automoveis e Motocicletas,,SMLL,IDIV
415,NAFG3,64.37,64.3,64.37,0.0,0.0,0.0,0.0,23.3,0.0,5.46,11.8,4.267399267399267,-0.6380301382631661,23.42,2.76,5.06,2.52,9.34,0.48,Utensilios Domesticos,,,
416,NAFG4,19.02,19.02,21.97,0.0,0.0,0.0,0.0,23.3,0.0,5.46,3.49,4.267399267399267,0.22502628811777092,23.42,0.82,5.06,2.52,9.34,0.48,Utensilios Domesticos,,,
417,NEMO3,0.0,0.0,0.0,0.0,0.0,0.0,0.0,35.25,0.0,18.86,0.0,1.8690349946977731,inf,53.49,0.0,2.53,2.57,13.31,4.49,Papel e Celulose,,,
418,NEMO5,52.97,52.97,53.45,0.0,0.0,0.0,0.0,35.25,0.0,18.86,2.81,1.8690349946977731,-0.33452897866717013,53.49,1.5,2.53,2.57,13.31,4.49,Papel e Celulose,,,
419,NEMO6,0.0,0.0,0.0,0.0,0.0,0.0,0.0,35.25,0.0,18.86,0.0,1.8690349946977731,inf,53.49,0.0,2.53,2.57,13.31,4.49,Papel e Celulose,,,
420,NEOE3,19.0,18.13,19.0,2.7,13.08,21.99,21.48,23.07,6.11,3.89,4.87,5.930591259640103,0.2142105263157894,16.86,0.82,6.13,1.16,10.69,1.31,Energia Eletrica,,,
421,NEXP3,5.99,5.66,6.19,-3.23,3.45,26.0,-76.96,-48.73,0.0,-57.14,-0.1,0.852817640882044,-9.135225375626042,-117.25,-0.12,-0.73,0.45,-113.2,0.0,Intermediacao Imobiliaria,,,
422,NGRD3,1.3,1.21,1.32,-2.27,1.04,2.17,-22.29,1.91,1.15,0.05,24.24,38.199999999999996,0.4692307692307691,2.78,0.67,-13.29,2.37,4.65,-0.35,Programas e Servicos,,,
423,NINJ3,4.42,4.12,4.48,0.45,2.16,4.48,68.06,5.52,0.0,-0.08,-57.27,-69.0,0.248868778280543,-1.41,0.81,1.38,15.59,-6.64,-0.96,Programas e Servicos,,,
424,NORD3,5.46,5.45,5.46,0.18,3.6,8.88,-38.51,-23.6,0.0,-1.15,-4.74,20.521739130434785,-5.322344322344323,-4.89,-0.23,16.09,0.01,-376.57,0.0,Maq Equip Industriais,,,
425,NRTQ3,0.0,0.0,0.0,0.0,0.0,0.0,0.0,19.63,0.0,3.24,0.0,6.058641975308642,inf,16.52,0.0,0.79,4.55,15.96,0.11,Medicamentos e Outros Produtos,,,
426,NTCO3,15.15,14.76,15.37,-1.82,9.91,18.34,-9.69,14.85,0.0,-2.05,-7.36,-7.2439024390243905,-0.01980198019801982,-13.8,1.02,-106.39,1.36,-8.22,0.48,Produtos de Uso Pessoal,IBOV,,
427,NUTR3,3.69,3.03,3.69,21.78,3.0,8.0,23.0,2.38,0.0,0.27,13.12,8.814814814814813,-0.3550135501355014,11.16,1.46,4.9,2.25,2.26,0.17,Fertilizantes e Defensivos,,,
428,ODER4,99.47,89.01,100.0,12.35,88.54,99.47,12.34,42.8,1.71,10.59,9.4,4.041548630783758,-0.569719513421132,24.73,2.32,8.45,3.52,14.59,0.29,Alimentos Diversos,,,
429,ODPV3,10.75,10.41,10.83,1.8,7.87,13.31,19.31,2.46,2.96,0.82,13.13,3.0,-0.7711627906976745,33.32,4.37,9.63,0.67,22.18,-0.23,Serv Mao Hosp Analises e Diagnosticos,,SMLL,
430,OFSA3,22.3,22.26,23.0,-3.04,20.85,27.01,1.83,12.32,2.85,0.32,69.5,38.5,-0.4475336322869955,2.61,1.81,9.74,2.66,1.73,0.21,Medicamentos e Outros Produtos,,,
431,OGXP3,1.63,0.0,0.0,0.0,0.0,0.0,0.0,-1.67,0.0,-0.76,-2.15,2.1973684210526314,-2.0245398773006134,-45.53,-0.98,-9.26,0.51,0.0,0.0,Exploracao Refino e Distribuicao,,,
432,OIBR3,0.68,0.68,0.72,-4.17,0.68,5.4,-87.22,-36.34,0.0,-34.59,-0.02,1.0505926568372361,-54.44117647058824,-95.2,-0.02,-1.23,0.83,-219.45,0.0,Telecomunicacoes,,,
433,OIBR4,2.17,2.0,2.17,8.5,1.96,10.3,-78.73,-36.34,0.0,-34.59,-0.06,1.0505926568372361,-17.746543778801847,-95.2,-0.06,-1.23,0.83,-219.45,0.0,Telecomunicacoes,,,
434,OMGE3,27.57,25.74,28.13,0.0,0.0,0.0,0.0,0.02,0.0,0.82,33.53,0.024390243902439025,-0.9992745738121146,3983.73,1335.61,9.61,1.16,8.49,1.16,Energia Eletrica,,SMLL,
435,ONCO3,11.85,11.57,12.69,-6.1,5.52,12.69,80.09,4.23,0.0,0.28,42.99,15.107142857142858,-0.6430379746835442,6.51,2.8,12.77,1.63,2.88,1.3,Serv Mao Hosp Analises e Diagnosticos,,,
436,OPCT3,5.0,5.0,5.31,-5.84,2.29,5.7,95.31,3.95,0.0,0.3,16.95,13.166666666666668,-0.20999999999999996,7.53,1.28,9.55,0.83,4.23,1.28,Transporte Hidroviario,,,
437,ORVR3,38.25,35.31,38.25,8.33,30.25,46.68,-6.13,7.42,0.0,-1.67,-22.69,-4.4431137724550895,-0.8060130718954248,-22.54,5.12,36.2,1.81,-18.23,1.42,Agua e Saneamento,,,
438,OSXB3,4.63,4.53,4.7,2.21,4.0,7.9,-34.14,-1913.22,0.0,-93.19,-0.05,20.530314411417535,-414.2224622030238,-4.87,0.0,10.32,0.01,-804.37,0.0,Equipamentos e Servicos,,,
439,PARD3,20.25,19.02,20.44,5.47,18.88,24.56,-2.55,3.82,1.26,0.55,36.76,6.945454545454544,-0.8113580246913581,14.42,5.3,19.93,0.9,6.98,0.18,Serv Mao Hosp Analises e Diagnosticos,,SMLL,
440,PATI3,24.5,24.5,24.5,0.0,24.5,58.43,-56.6,35.33,1.97,1.02,23.96,34.63725490196078,0.4420408163265306,2.89,0.69,8.72,2.74,1.22,-0.1,Artefatos de Ferro e Aco,,,
441,PATI4,34.99,34.99,34.99,0.0,32.6,49.44,-29.23,35.33,6.02,1.02,34.22,34.63725490196078,0.009717062017719158,2.89,0.99,8.72,2.74,1.22,-0.1,Artefatos de Ferro e Aco,,,
442,PCAR3,4.58,4.59,4.95,-6.5,4.59,9.39,-48.31,42.36,0.0,-6.73,-0.69,-6.294205052005943,8.248908296943231,-15.9,0.11,-5.08,1.67,-15.48,0.27,Alimentos,IBOV,,
443,PCAR4,72.11,72.04,87.63,0.0,0.0,0.0,0.0,42.36,0.0,-6.73,-10.71,-6.294205052005943,-0.4125641381223132,-15.9,1.7,-5.08,1.67,-15.48,0.27,Alimentos,,,
444,PDGR3,4.11,3.96,4.23,-2.84,3.13,85.0,-95.16,-1600.02,0.0,-253.54,-0.02,6.310720201940522,-390.29927007299267,-15.85,0.0,200.58,0.24,-739.44,0.0,Incorporacoes,,,
445,PDTC3,2.51,2.31,2.77,1.61,2.08,4.24,-29.61,1.7,0.0,0.25,10.4,6.8,-0.3227091633466135,14.44,1.5,8.16,2.03,5.08,0.57,Servicos Financeiros Diversos,,,
446,PEAB3,33.69,33.69,33.69,0.0,27.75,58.39,-39.76,53.93,2.3,1.78,18.98,30.297752808988765,0.6007717423567824,3.29,0.62,34.87,14.66,46.29,-0.16,Holdings Diversificadas,,,
447,PEAB4,73.67,72.0,74.0,2.78,52.76,79.13,-0.7,53.93,1.15,1.78,41.5,30.297752808988765,-0.2679516763947333,3.29,1.37,34.87,14.66,46.29,-0.16,Holdings Diversificadas,,,
448,PETR3,37.37,35.2,37.44,4.9,20.08,37.44,46.71,28.42,24.78,11.99,3.12,2.3703085904920767,-0.23949692266523936,42.19,1.32,2.92,0.9,26.89,0.59,Exploracao Refino e Distribuicao,IBOV,,
449,PETR4,33.84,32.29,33.84,3.71,17.38,33.84,53.19,28.42,27.44,11.99,2.82,2.3703085904920767,-0.16016548463356972,42.19,1.19,2.92,0.9,26.89,0.59,Exploracao Refino e Distribuicao,IBOV,,
450,PETZ3,5.72,5.44,5.86,-0.52,5.11,11.08,-42.57,4.02,0.38,0.09,63.98,44.666666666666664,-0.2972027972027973,2.21,1.42,18.16,2.05,1.33,-0.03,Produtos Diversos,,,
451,PFRM3,3.97,3.67,3.99,-0.5,3.0,4.45,6.43,9.69,4.35,0.25,16.04,38.76,1.4408060453400502,2.56,0.41,6.31,1.4,0.37,0.72,Medicamentos e Outros Produtos,,,
452,PGMN3,3.86,3.81,3.97,-0.26,2.61,6.1,-18.05,4.84,4.83,-0.38,-10.05,-12.736842105263158,0.2538860103626943,-7.92,0.8,5.38,1.47,-1.68,0.61,Medicamentos e Outros Produtos,,,
453,PINE3,4.15,4.15,4.15,0.0,1.41,4.15,194.33,5.03,3.91,0.53,7.78,9.49056603773585,0.21204819277108422,10.6,0.82,6.93,0.98,5.85,0.0,Bancos,,,
454,PINE4,3.9,3.68,3.94,1.3,1.37,4.36,158.28,5.03,4.18,0.53,7.27,9.49056603773585,0.2897435897435898,10.6,0.77,6.93,0.98,5.85,0.0,Bancos,,,
455,PLAS3,8.0,8.0,8.0,0.0,7.2,11.99,-12.57,-26.29,0.0,1.75,4.58,-15.022857142857143,-4.28625,-6.64,-0.3,7.4,0.43,2.39,0.0,Automoveis e Motocicletas,,,
456,PLPL3,9.84,9.89,10.96,-6.79,3.31,11.68,192.6,2.55,1.62,0.99,9.98,2.5757575757575757,-0.7408536585365854,38.78,3.87,9.42,3.27,11.8,0.44,Incorporacoes,,,
457,PMAM3,5.0,4.93,5.2,-3.85,3.3,6.52,-16.67,-83.54,0.0,-71.44,-0.07,1.1693729003359463,-17.708000000000002,-85.52,-0.06,-2.32,0.19,-230.24,0.0,Artefatos de Cobre,,,
458,PNVL3,12.65,11.99,12.82,1.04,8.93,13.54,7.66,7.49,1.77,0.55,22.86,13.618181818181817,-0.4079051383399209,7.34,1.68,18.12,1.44,1.96,0.72,Medicamentos e Outros Produtos,,,
459,PNVL4,18.62,18.62,19.13,0.0,0.0,0.0,0.0,7.49,0.0,0.55,33.89,13.618181818181817,-0.5977443609022557,7.34,2.49,18.12,1.44,1.96,0.72,Medicamentos e Outros Produtos,,,
460,POMO3,4.91,4.91,5.03,-1.8,1.79,5.06,132.7,3.43,6.24,0.74,6.63,4.635135135135135,-0.3014256619144603,21.41,1.42,10.79,2.13,11.01,0.33,Material Rodoviario,,,
461,POMO4,6.21,6.21,6.47,-2.51,2.15,6.47,148.4,3.43,4.92,0.74,8.41,4.635135135135135,-0.4476650563607085,21.41,1.8,10.79,2.13,11.01,0.33,Material Rodoviario,,SMLL,
462,PORT3,13.19,12.59,13.25,3.05,8.47,13.9,50.57,5.18,3.55,0.83,15.85,6.240963855421687,-0.6072782410917361,16.08,2.55,12.86,1.02,15.48,1.08,Servios de Apoio e Armazenagem,,,
463,POSI3,7.98,7.8,8.41,-3.74,5.92,12.45,-34.21,9.8,6.49,1.5,5.28,6.533333333333334,0.22807017543859653,15.32,0.81,4.1,2.07,5.62,0.64,Computadores e Equipamentos,,SMLL,
464,POWE3,10.9,10.8,11.15,0.0,0.0,0.0,0.0,11.02,0.0,0.46,23.92,23.956521739130434,0.011009174311926495,4.13,0.99,10.6,1.13,2.59,-0.39,Energia Eletrica,,,
465,PPAR3,14.6,14.6,14.6,0.0,0.0,0.0,0.0,297.53,85.96,17.52,0.83,16.982305936073057,19.37876712328767,5.89,0.05,-1.61,182.58,0.0,-0.13,Outros,,,
466,PPLA11,3.85,3.37,3.85,2.39,3.37,5.09,-14.63,0.0,0.0,0.0,2167.29,0.0,-1.0,55.56,1204.05,2167.29,0.0,0.0,0.0,Gestao Recursos e Investimentos,,,
467,PRIO3,49.25,46.61,49.21,4.81,27.18,49.21,77.65,12.12,0.0,4.2,11.71,2.8857142857142852,-0.7539086294416244,34.61,4.05,11.29,0.9,46.03,0.85,Exploracao Refino e Distribuicao,IBOV,SMLL,
468,PRNR3,10.0,10.0,11.79,-12.66,5.47,12.14,57.73,5.85,2.52,0.54,18.93,10.833333333333332,-0.41500000000000004,9.25,1.75,4.94,1.65,2.12,0.86,Servicos Diversos,,,
469,PSSA3,27.03,26.01,27.05,3.56,20.49,29.33,22.14,17.72,2.52,2.89,9.29,6.131487889273355,-0.3444321124676286,16.29,1.51,3.7,1.11,6.15,-0.99,Seguradoras,,,IDIV
470,PTBL3,6.29,5.86,6.6,-4.7,5.27,12.81,-40.77,2.65,3.39,0.06,105.67,44.166666666666664,-0.5786963434022258,2.21,2.33,9.86,1.08,0.39,2.29,Produtos para Construcao,,SMLL,
471,PTCA11,0.0,0.0,0.0,0.0,0.0,0.0,0.0,23.23,0.0,5.91,0.0,3.930626057529611,inf,25.44,0.0,1.26,1.72,7.83,0.51,Maq Equip Industriais,,,
472,PTCA3,0.0,0.0,0.0,0.0,0.0,0.0,0.0,23.23,0.0,5.91,0.0,3.930626057529611,inf,25.44,0.0,1.26,1.72,7.83,0.51,Maq Equip Industriais,,,
473,PTNT3,11.9,11.0,12.13,8.18,7.63,12.99,-6.08,7.7,2.68,0.96,12.44,8.020833333333334,-0.3529411764705882,12.43,1.55,7.54,1.68,5.31,0.4,Fios e Tecidos,,,
474,PTNT4,8.75,8.47,8.88,3.31,5.18,8.88,43.68,7.7,3.64,0.96,9.15,8.020833333333334,-0.12,12.43,1.14,7.54,1.68,5.31,0.4,Fios e Tecidos,,,
475,QGEP3,14.54,0.0,0.0,0.0,0.0,0.0,0.0,15.32,1.03,1.36,10.72,11.26470588235294,0.05364511691884455,8.85,0.95,7.28,1.24,21.34,0.03,Exploracao Refino e Distribuicao,,,
476,QUAL3,3.31,3.17,3.52,-5.97,3.17,9.03,-60.26,4.86,2.38,0.0,-4644.96,inf,0.46827794561933533,-0.01,0.68,9.38,1.09,-0.01,0.99,Serv Mao Hosp Analises e Diagnosticos,IBOV,SMLL,IDIV
477,QUSW3,0.0,0.0,0.0,0.0,0.0,0.0,0.0,85.64,0.0,18.14,0.0,4.721058434399118,inf,21.18,0.0,1.22,1.61,20.81,0.67,Programas e Servicos,,,
478,QVQP3B,0.0,0.0,0.0,0.0,0.0,0.0,0.0,0.0,0.0,0.0,0.0,0.0,0.0,-94.62,0.0,0.95,0.0,0.0,-0.98,Outros,,,
479,RADL3,27.72,26.81,27.84,0.62,20.93,29.54,28.76,3.22,0.96,0.6,46.25,5.366666666666667,-0.8838383838383839,18.64,8.62,24.9,1.42,3.25,0.37,Medicamentos e Outros Produtos,IBOV,,
480,RAIL3,23.88,21.87,23.85,5.21,16.46,24.09,20.39,8.32,0.28,0.43,56.35,19.348837209302328,-0.6515912897822445,5.11,2.88,16.04,1.85,7.64,0.74,Transporte Ferroviario,IBOV,,
481,RAIZ4,3.96,3.6,3.97,9.37,2.24,4.56,-0.75,2.21,5.91,0.24,16.22,9.208333333333334,-0.44191919191919193,11.03,1.79,8.24,1.06,1.11,1.38,Exploracao Refino e Distribuicao,,,
482,RANI3,12.14,10.88,12.12,7.73,6.93,12.12,65.8,5.2,7.23,2.0,6.09,2.6,-0.57166392092257,38.49,2.35,5.83,2.7,29.87,0.77,Embalagens,,,
483,RANI4,5.5,5.5,5.5,0.0,0.0,0.0,0.0,5.2,0.0,2.0,2.75,2.6,-0.054545454545454564,38.49,1.06,5.83,2.7,29.87,0.77,Embalagens,,,
484,RAPT3,9.75,9.68,10.0,-1.91,6.58,10.2,17.61,8.91,5.28,1.45,6.71,6.144827586206897,-0.08615384615384614,16.22,1.09,5.07,2.17,4.2,1.1,Material Rodoviario,,,
485,RAPT4,12.14,12.14,12.68,-4.26,7.02,12.82,35.34,8.91,4.23,1.45,8.36,6.144827586206897,-0.2660626029654036,16.22,1.36,5.07,2.17,4.2,1.1,Material Rodoviario,,SMLL,
486,RCSL3,1.73,1.72,2.37,-16.75,1.72,10.68,-69.69,0.0,0.0,-0.1,-17.44,-0.0,-1.0,-2950.58,514.45,29.86,1.47,-19.27,-0.61,Material Rodoviario,,,
487,RCSL4,1.3,1.26,1.35,-1.52,1.06,2.71,-40.37,0.0,0.0,-0.1,-12.95,-0.0,-1.0,-2950.58,382.16,29.86,1.47,-19.27,-0.61,Material Rodoviario,,SMLL,
488,RDNI3,5.11,5.11,5.4,-5.37,4.99,7.26,-25.73,14.21,2.81,-0.08,-64.6,-177.625,1.7808219178082192,-0.56,0.36,17.21,1.71,-0.56,1.13,Incorporacoes,,,
489,RDOR3,28.64,28.25,29.38,-0.76,20.0,36.98,-10.25,9.79,0.68,0.59,48.54,16.593220338983052,-0.6581703910614525,6.02,2.92,16.97,2.68,3.87,0.11,Serv Mao Hosp Analises e Diagnosticos,,,
490,RECV3,22.21,21.58,23.88,-5.98,17.23,35.26,-16.64,14.71,4.8,3.4,6.49,4.326470588235295,-0.3376857271499325,23.12,1.5,6.14,0.9,33.72,-0.04,Exploracao Refino e Distribuicao,,,
491,REDE3,5.79,5.78,5.9,0.17,4.44,6.73,8.63,1.8,9.2,0.62,9.47,2.903225806451613,-0.689119170984456,34.34,3.25,6.71,1.19,8.61,2.57,Energia Eletrica,,,
492,RENT3,61.66,60.35,63.73,-3.0,48.57,72.23,1.61,23.46,2.34,1.23,49.92,19.073170731707318,-0.6195264352903016,5.24,2.62,17.96,1.24,5.08,1.09,Aluguel de carros,IBOV,,
493,RLOG3,23.08,20.32,23.08,0.0,0.0,0.0,0.0,5.41,0.0,0.28,82.76,19.32142857142857,-0.7655979202772963,5.15,4.26,12.09,2.64,1.85,5.71,Transporte Ferroviario,,SMLL,
494,RNEW11,4.01,3.93,4.1,-2.2,3.93,7.9,-35.32,10.28,0.0,7.77,0.52,1.3230373230373231,1.56359102244389,75.53,0.39,1.61,0.2,261.71,1.16,Energia Eletrica,,,
495,RNEW3,1.3,1.28,1.39,-5.11,1.28,2.65,-38.68,3.43,0.0,2.59,0.5,1.3243243243243246,1.6384615384615384,75.53,0.38,1.61,0.2,261.71,1.16,Energia Eletrica,,,
496,RNEW4,1.32,1.29,1.37,-2.22,1.29,2.6,-35.61,3.43,0.0,2.59,0.51,1.3243243243243246,1.5984848484848486,75.53,0.39,1.61,0.2,261.71,1.16,Energia Eletrica,,,
497,ROMI3,13.64,12.75,13.68,2.88,11.42,18.35,16.55,12.38,7.45,2.49,5.41,4.971887550200803,-0.09237536656891498,20.09,1.09,6.09,2.1,14.09,0.46,Maq Equip Industriais,,SMLL,IDIV
498,RPAD3,7.4,7.4,7.4,0.0,6.43,7.99,1.37,12.83,0.0,0.72,10.3,17.819444444444446,0.7337837837837837,5.6,0.58,10.41,16.67,0.0,-0.06,Bancos,,,
499,RPAD5,7.51,7.51,7.51,0.0,6.33,8.8,-14.66,12.83,6.65,0.72,10.45,17.819444444444446,0.7083888149134487,5.6,0.59,10.41,16.67,0.0,-0.06,Bancos,,,
500,RPAD6,7.39,7.2,7.39,0.54,4.89,7.5,51.12,12.83,0.0,0.72,10.16,17.819444444444446,0.736129905277402,5.6,0.57,10.41,16.67,0.0,-0.06,Bancos,,,
501,RPMG3,2.29,2.21,2.34,3.62,1.52,3.47,13.93,-66.35,0.0,-13.44,-0.17,4.9367559523809526,-29.97379912663755,-20.25,-0.03,-0.15,0.52,-17.3,0.0,Exploracao Refino e Distribuicao,,,
502,RRRP3,32.83,32.2,33.22,-0.93,27.15,51.31,-12.71,21.89,0.0,1.99,16.39,11.0,-0.33323180018275966,9.11,1.49,132.51,1.08,20.3,1.39,Exploracao Refino e Distribuicao,,,
503,RSID3,3.87,3.81,4.06,0.52,2.35,5.18,21.32,-60.0,0.0,-21.86,-0.18,2.7447392497712717,-16.503875968992247,-36.43,-0.07,-2.4,0.24,1030.45,0.0,Incorporacoes,,,
504,RSUL3,0.0,0.0,0.0,0.0,0.0,0.0,0.0,26.61,0.0,10.74,0.0,2.477653631284916,inf,40.34,0.0,1.14,2.16,17.12,-0.24,Material Rodoviario,,,
505,RSUL4,64.2,62.99,64.2,1.1,51.73,81.3,-8.55,26.61,4.55,10.74,5.96,2.477653631284916,-0.5855140186915888,40.34,2.41,1.14,2.16,17.12,-0.24,Material Rodoviario,,,
506,SANB11,27.04,26.5,27.34,-1.35,24.71,31.04,-4.46,29.88,6.35,2.67,10.17,11.191011235955056,0.1050295857988166,8.92,0.91,14.17,0.0,10.21,0.0,Bancos,IBOV,,IDIV
507,SANB3,12.79,12.54,12.99,-1.54,11.55,14.58,-5.33,14.94,6.38,1.33,9.63,11.233082706766917,0.16810007818608286,8.92,0.86,14.17,0.0,10.21,0.0,Bancos,,,
508,SANB4,14.22,14.09,14.48,-1.66,13.12,16.42,-4.88,14.94,6.31,1.33,10.71,11.233082706766917,0.05063291139240489,8.92,0.96,14.17,0.0,10.21,0.0,Bancos,,,
509,SAPR11,23.52,22.58,23.67,3.48,15.24,23.67,47.46,30.11,7.77,4.52,5.21,6.661504424778761,0.280187074829932,15.03,0.78,5.62,1.47,23.19,0.49,Agua e Saneamento,,SMLL,IDIV
510,SAPR3,4.51,4.3,4.52,2.74,2.88,4.52,49.01,6.02,7.54,0.91,4.97,6.615384615384615,0.33481152993348107,15.03,0.75,5.62,1.47,23.19,0.49,Agua e Saneamento,,,
511,SAPR4,4.71,4.57,4.76,1.51,3.11,4.76,45.23,6.02,7.9,0.91,5.23,6.615384615384615,0.27813163481953285,15.03,0.79,5.62,1.47,23.19,0.49,Agua e Saneamento,,SMLL,IDIV
512,SBFG3,7.79,6.91,7.8,5.26,6.91,23.8,-64.93,9.44,1.76,0.51,15.22,18.509803921568626,0.21181001283697043,5.36,0.82,11.49,1.53,1.89,1.15,Produtos Diversos,,,
513,SBSP3,61.22,57.68,61.22,4.26,42.67,61.22,27.73,42.06,2.08,4.7,13.06,8.948936170212766,-0.31296961777196985,11.18,1.46,11.58,0.97,13.52,0.57,Agua e Saneamento,IBOV,,
514,SCAR3,25.4,24.06,25.49,5.57,11.82,28.0,1.6,26.65,0.0,0.52,48.4,51.24999999999999,0.04921259842519676,1.95,0.94,10.68,3.57,3.85,1.04,Exploracao de Imoveis,,,
515,SEDU3,23.8,22.7,24.55,0.0,0.0,0.0,0.0,1.59,0.0,-1.78,-13.36,-0.8932584269662922,-0.9331932773109244,-112.29,15.0,-27.94,1.09,-25.77,4.15,Servicos Educacionais,,,
516,SEER3,6.32,6.19,6.77,-6.65,2.81,8.93,5.51,9.64,0.0,-1.26,-5.05,-7.650793650793651,0.5253164556962024,-13.03,0.66,19.4,1.34,-9.17,0.42,Servicos Educacionais,,SMLL,
517,SEQL3,0.53,0.52,0.71,-24.64,0.52,7.14,-92.72,1.75,0.0,-1.33,-0.39,-1.3157894736842104,2.30188679245283,-75.69,0.3,-12.22,1.01,-19.02,2.52,Logistica,,,
518,SGPS3,1.62,1.62,2.01,-19.4,0.71,3.83,-40.22,12.12,0.0,-9.09,-0.18,-1.3333333333333333,6.48148148148148,-75.0,0.13,-8.4,1.07,-31.4,1.32,Fios e Tecidos,,,
519,SHOW3,2.55,2.55,2.75,-7.27,1.36,3.28,-14.43,2.19,0.0,0.03,76.85,73.0,-0.14117647058823524,1.51,1.16,3.52,1.03,0.56,0.14,Producao de Eventos e Shows,,,
520,SHUL3,111.89,111.33,111.97,0.0,0.0,0.0,0.0,3.35,0.21,0.89,125.98,3.764044943820225,-0.9700598802395209,26.54,33.44,45.64,2.84,14.95,0.04,Motores . Compressores e Outros,,,
521,SHUL4,7.6,7.38,7.61,0.0,4.05,7.7,69.64,3.35,3.36,0.89,8.55,3.764044943820225,-0.5592105263157894,26.54,2.27,45.64,2.84,14.95,0.04,Motores . Compressores e Outros,,,
522,SIMH3,9.86,9.43,10.1,-2.38,5.97,11.29,-8.45,3.76,1.59,0.25,39.99,15.04,-0.6186612576064909,6.57,2.63,7.35,1.87,0.71,10.44,Holdings Diversificadas,,SMLL,
523,SLCE3,40.11,39.6,40.57,-1.13,34.42,49.03,-8.47,23.38,7.32,4.07,9.9,5.744471744471744,-0.41710296684118675,17.39,1.72,6.44,1.99,10.34,0.71,Agricultura,,SMLL,IDIV
524,SLED3,3.95,3.95,4.23,-6.18,3.95,10.9,-61.27,-39.57,0.0,7.15,0.56,-5.534265734265734,-11.017721518987342,-18.07,-0.1,0.98,0.12,92.71,0.0,Produtos Diversos,,,
525,SLED4,1.67,1.68,1.98,-15.15,0.93,5.0,-61.73,-39.57,0.0,7.15,0.23,-5.534265734265734,-24.694610778443113,-18.07,-0.04,0.98,0.12,92.71,0.0,Produtos Diversos,,,
526,SMFT3,21.74,20.37,21.89,-0.64,12.15,24.13,42.56,7.79,0.0,0.68,31.8,11.455882352941176,-0.641674333026679,8.75,2.78,23.47,1.55,22.27,0.13,Atividades Esportivas,,,
527,SMLS3,22.4,22.36,22.79,0.0,0.0,0.0,0.0,5.47,0.0,2.08,10.78,2.629807692307692,-0.7558035714285715,37.96,4.09,9.93,1.1,39.07,-0.1,Programas de Fidelizacao,,SMLL,IDIV
528,SMTO3,39.35,37.26,39.35,5.61,21.11,39.35,51.64,16.7,4.17,2.87,13.76,5.818815331010453,-0.5756035578144854,17.16,2.36,10.6,2.17,16.17,1.11,Acucar e Alcool,,SMLL,
529,SNSY3,5.37,4.91,5.37,7.62,3.68,7.59,-23.29,-241.52,0.0,-38.72,-0.12,6.237603305785124,-45.97579143389199,-16.03,-0.02,5.13,1.02,-34.65,0.0,Materiais Diversos,,,
530,SNSY5,3.91,3.87,4.04,-2.98,2.42,4.69,20.68,-241.52,0.0,-38.72,-0.1,6.237603305785124,-62.769820971867006,-16.03,-0.02,5.13,1.02,-34.65,0.0,Materiais Diversos,,,
531,SNSY6,13.33,13.33,13.33,0.0,0.0,0.0,0.0,-241.52,0.0,-38.72,-0.34,6.237603305785124,-19.1185296324081,-16.03,-0.06,5.13,1.02,-34.65,0.0,Materiais Diversos,,,
532,SOJA3,14.74,13.98,14.89,1.38,9.47,14.92,8.9,7.0,0.56,1.53,9.7,4.57516339869281,-0.525101763907734,21.8,2.12,10.57,1.69,9.82,0.42,Agricultura,,,
533,SOMA3,7.76,7.52,8.02,1.3,7.42,14.83,-38.97,9.61,1.3,0.39,19.82,24.64102564102564,0.23840206185567014,4.1,0.81,16.11,2.16,6.0,0.16,Tecidos Vestuario e Calcados,,,
534,SOND3,46.01,46.01,46.01,0.0,0.0,0.0,0.0,22.63,12.04,6.67,6.9,3.3928035982008993,-0.5081504020865029,29.45,2.03,3.04,2.29,10.01,-0.58,Engenharia Consultiva,,,
535,SOND5,50.0,40.0,50.0,25.0,26.93,50.0,70.13,22.63,12.19,6.67,7.5,3.3928035982008993,-0.5474,29.45,2.21,3.04,2.29,10.01,-0.58,Engenharia Consultiva,,,
536,SOND6,46.0,46.0,46.0,0.0,25.97,46.0,66.73,22.63,13.25,6.67,6.9,3.3928035982008993,-0.5080434782608696,29.45,2.03,3.04,2.29,10.01,-0.58,Engenharia Consultiva,,,
537,SPRI3,21.72,19.02,21.72,0.0,0.0,0.0,0.0,8.86,0.0,-6.54,-3.32,-1.3547400611620795,-0.5920810313075506,-73.82,2.45,-2.46,66.47,0.0,-0.14,Holdings Diversificadas,,,
538,SPRI5,8.52,8.5,8.52,0.0,0.0,0.0,0.0,8.86,0.0,-6.54,-1.3,-1.3547400611620795,0.039906103286385,-73.82,0.96,-2.46,66.47,0.0,-0.14,Holdings Diversificadas,,,
539,SPRI6,11.0,10.8,14.99,0.0,0.0,0.0,0.0,8.86,0.0,-6.54,-1.68,-1.3547400611620795,-0.19454545454545458,-73.82,1.24,-2.46,66.47,0.0,-0.14,Holdings Diversificadas,,,
540,SPRT3B,76.4,50.9,76.4,0.0,0.0,0.0,0.0,0.0,0.0,0.04,1816.79,0.0,-1.0,-1662.31,-30200.65,1078.02,0.01,0.0,0.0,Outros,,,
541,SQIA3,27.4,27.27,27.46,-0.07,13.71,27.46,47.39,7.27,0.2,0.01,2744.55,726.9999999999999,-0.7346715328467153,0.14,3.76,47.11,1.44,0.13,0.33,Programas e Servicos,,SMLL,
542,STBP3,9.29,8.7,9.37,6.17,6.25,10.26,14.98,2.52,4.8,0.43,21.54,5.8604651162790695,-0.728740581270183,17.12,3.69,13.58,1.25,19.38,-0.08,Servios de Apoio e Armazenagem,,SMLL,
543,STKF3,0.0,0.0,0.0,0.0,0.0,0.0,0.0,7.66,0.0,0.84,0.0,9.11904761904762,inf,10.96,0.0,2.51,2.44,41.59,0.28,Atividades Esportivas,,,
544,STTR3,0.0,0.0,0.0,0.0,0.0,0.0,0.0,2.91,0.0,0.94,0.0,3.0957446808510642,inf,32.1,0.0,-0.22,2.46,14.11,-0.09,Maq Equip Construcao e Agricolas,,,
545,SULA11,22.25,18.12,22.25,2.35,18.12,25.9,-5.96,19.64,0.27,0.43,52.23,45.674418604651166,-0.11730337078651687,2.17,1.13,6.54,2.29,0.83,-1.71,Seguradoras,IBOV,,
546,SULA3,7.43,6.06,7.48,-0.67,6.06,8.5,-6.89,6.55,0.27,0.14,52.32,46.78571428571428,-0.11843876177658141,2.17,1.13,6.54,2.29,0.83,-1.71,Seguradoras,,,
547,SULA4,7.63,6.13,7.63,2.55,6.13,8.71,-3.54,6.55,0.26,0.14,53.73,46.78571428571428,-0.1415465268676278,2.17,1.17,6.54,2.29,0.83,-1.71,Seguradoras,,,
548,SUZB3,51.45,48.8,51.25,0.29,38.0,56.65,20.96,32.16,3.49,17.53,2.93,1.834569309754706,-0.374927113702624,54.5,1.6,5.63,2.56,47.37,1.29,Papel e Celulose,IBOV,,
549,SYNE3,4.05,4.05,4.12,-0.74,2.74,5.45,-17.68,9.87,0.0,-0.24,-17.29,-41.125,1.4370370370370371,-2.38,0.41,9.58,4.21,-8.48,0.46,Exploracao de Imoveis,,,
550,TAEE11,34.99,34.0,34.92,0.03,30.9,38.32,-6.63,19.42,9.67,3.39,10.32,5.728613569321534,-0.44498428122320666,17.46,1.8,11.07,3.03,49.81,1.21,Energia Eletrica,IBOV,SMLL,IDIV
551,TAEE3,11.65,11.35,11.64,0.09,10.19,12.82,-7.03,6.47,9.68,1.13,10.3,5.72566371681416,-0.4446351931330472,17.46,1.8,11.07,3.03,49.81,1.21,Energia Eletrica,,,
552,TAEE4,11.66,11.4,11.69,-0.26,10.4,12.75,-6.87,6.47,9.64,1.13,10.35,5.72566371681416,-0.44511149228130364,17.46,1.81,11.07,3.03,49.81,1.21,Energia Eletrica,,,
553,TASA3,16.39,15.2,16.39,7.12,10.83,16.39,1.55,8.36,8.53,2.44,6.72,3.4262295081967213,-0.48993288590604034,29.14,1.96,5.09,1.55,14.27,0.23,Armas e Municoes,,,
554,TASA4,16.59,15.15,16.59,6.49,11.08,16.59,6.63,8.36,8.38,2.44,6.84,3.4262295081967213,-0.4960819770946353,29.14,1.99,5.09,1.55,14.27,0.23,Armas e Municoes,,SMLL,
555,TCNO3,1.2,1.2,1.3,-6.98,1.2,1.3,-7.69,-0.14,0.0,-0.16,-7.52,0.8750000000000001,-1.1166666666666667,-111.63,-8.4,-34.51,0.28,0.0,0.0,Engenharia Consultiva,,,
556,TCNO4,0.85,0.85,1.02,-16.67,0.85,1.03,-17.48,-0.14,0.0,-0.16,-5.33,0.8750000000000001,-1.1647058823529413,-111.63,-5.95,-34.51,0.28,0.0,0.0,Engenharia Consultiva,,,
557,TCSA3,3.99,3.7,4.0,-0.25,2.3,4.21,37.59,8.13,0.0,0.36,11.06,22.583333333333336,1.037593984962406,4.37,0.48,18.25,3.54,6.69,0.84,Incorporacoes,,SMLL,
558,TECN3,3.29,3.2,3.3,2.81,1.95,3.75,45.58,5.18,2.52,0.68,4.78,7.617647058823528,0.5744680851063828,13.16,0.63,4.01,4.32,14.03,-0.01,Acessorios,,,
559,TEKA3,8.23,8.09,8.23,0.0,0.0,0.0,0.0,-3962.89,0.0,-300.06,-0.03,13.206991934946343,-482.51761846901576,-7.57,0.0,-5.32,0.04,-54.76,0.0,Fios e Tecidos,,,
560,TEKA4,15.75,14.77,16.89,-5.06,12.06,28.39,6.42,-3962.89,0.0,-300.06,-0.05,13.206991934946343,-252.61206349206347,-7.57,0.0,-5.32,0.04,-54.76,0.0,Fios e Tecidos,,,
561,TELB3,17.16,17.16,19.29,-11.04,13.6,25.0,-11.32,19.41,0.0,-0.04,-414.72,-485.25,0.13111888111888104,-0.21,0.88,7.01,5.7,-0.91,-0.63,Telecomunicacoes,,,
562,TELB4,13.32,13.06,14.06,-5.26,7.05,16.46,18.93,19.41,0.0,-0.04,-329.09,-485.25,0.4572072072072071,-0.21,0.7,7.01,5.7,-0.91,-0.63,Telecomunicacoes,,,
563,TEND3,13.55,12.48,14.12,0.89,3.8,14.92,90.85,5.5,0.0,-4.49,-3.01,-1.2249443207126949,-0.5940959409594095,-81.66,2.46,-13.03,1.12,-21.54,1.12,Incorporacoes,,SMLL,
564,TESA3,48.0,46.35,50.8,0.0,0.0,0.0,0.0,29.64,0.0,-3.61,-13.3,-8.210526315789474,-0.38249999999999995,-12.18,1.62,17.39,0.86,-7.58,1.01,Agricultura,,,
565,TFCO4,13.01,12.96,13.79,-5.66,9.18,14.2,9.05,0.39,1.44,0.12,111.81,3.2500000000000004,-0.9700230591852421,30.07,33.62,15.46,3.15,17.9,0.16,Tecidos Vestuario e Calcados,,,
566,TGMA3,26.0,24.76,26.5,-1.89,15.46,26.89,39.41,12.13,6.07,2.79,9.32,4.347670250896058,-0.5334615384615384,23.01,2.14,7.21,2.62,12.06,-0.08,Transporte Rodovirio,,SMLL,IDIV
567,TIET11,12.54,12.54,12.54,0.0,0.0,0.0,0.0,5.57,0.0,2.87,4.38,1.9407665505226481,-0.5558213716108452,51.45,2.25,7.15,1.0,49.46,2.34,Energia Eletrica,,SMLL,IDIV
568,TIET3,3.49,3.1,3.49,0.0,0.0,0.0,0.0,1.11,0.0,0.57,6.09,1.9473684210526319,-0.6819484240687679,51.45,3.13,7.15,1.0,49.46,2.34,Energia Eletrica,,,
569,TIET4,3.51,3.13,3.51,0.0,0.0,0.0,0.0,1.11,0.0,0.57,6.13,1.9473684210526319,-0.6837606837606838,51.45,3.15,7.15,1.0,49.46,2.34,Energia Eletrica,,,
570,TIMS3,14.92,14.32,14.92,2.75,10.45,15.08,28.73,10.46,5.67,0.84,17.91,12.452380952380954,-0.29892761394101874,7.99,1.43,10.61,0.7,8.83,0.06,Telecomunicacoes,IBOV,,
571,TKNO3,69.63,11.99,11.99,0.0,0.0,0.0,0.0,92.42,1.86,9.88,7.05,9.354251012145749,0.32730145052419934,10.69,0.75,4.14,3.65,10.54,-0.11,Artefatos de Ferro e Aco,,,
572,TKNO4,61.0,61.0,61.0,0.0,53.64,72.31,-13.27,92.42,6.71,9.88,6.18,9.354251012145749,0.5150819672131148,10.69,0.66,4.14,3.65,10.54,-0.11,Artefatos de Ferro e Aco,,,
573,TOTS3,29.04,27.7,29.14,4.82,24.83,33.16,0.17,7.12,1.51,0.79,36.91,9.012658227848101,-0.7548209366391184,11.05,4.08,24.18,1.71,12.0,-0.22,Programas e Servicos,IBOV,,
574,TOYB3,2.29,2.12,2.42,0.0,0.0,0.0,0.0,-0.46,0.0,-0.05,-43.94,9.2,-1.2008733624454149,-11.31,-4.97,-47.62,0.49,-10.96,0.0,Brinquedos e Jogos,,,
575,TOYB4,2.5,2.5,2.5,0.0,0.0,0.0,0.0,-0.46,0.0,-0.05,-47.96,9.2,-1.184,-11.31,-5.43,-47.62,0.49,-10.96,0.0,Brinquedos e Jogos,,,
576,TPIS3,4.08,3.85,4.1,-0.49,2.98,7.06,-15.53,17.29,0.0,-4.92,-0.82,-3.5142276422764227,3.2377450980392153,-28.47,0.23,-15.34,0.3,-25.48,2.07,Exploracao de Rodovias,,,
577,TRAD3,1.15,1.13,1.25,-8.8,0.82,4.4,-73.36,1.73,0.0,-0.44,-2.57,-3.9318181818181817,0.5043478260869567,-25.59,0.66,-2.09,4.92,-202.48,-0.24,Programas e Servicos,,,
578,TRIS3,5.74,5.34,5.87,4.34,2.77,6.99,23.82,7.02,2.41,0.5,11.32,14.04,0.22299651567944245,7.17,0.81,6.37,2.83,10.47,0.55,Incorporacoes,,SMLL,
579,TRPL3,32.0,31.53,32.58,-0.37,27.49,33.97,2.01,26.57,3.32,3.6,8.9,7.3805555555555555,-0.1696875,13.53,1.2,7.11,1.93,43.32,0.42,Energia Eletrica,,,
580,TRPL4,24.05,23.81,24.79,-2.99,21.4,25.78,3.98,26.57,4.43,3.6,6.67,7.3805555555555555,0.10478170478170479,13.53,0.9,7.11,1.93,43.32,0.42,Energia Eletrica,,,IDIV
581,TRPN3,0.71,0.36,0.8,0.0,0.0,0.0,0.0,1.31,0.0,1.6,0.44,0.81875,0.8450704225352115,122.35,0.54,-0.36,3.61,59.29,-1.07,Gestao Recursos e Investimentos,,,
582,TTEN3,14.19,13.37,14.27,4.65,8.28,14.27,38.57,5.93,0.81,1.16,12.28,5.112068965517241,-0.5821000704721635,19.52,2.4,15.53,1.6,7.5,0.18,Agricultura,,,
583,TUPY3,27.39,25.95,27.43,3.36,21.22,30.41,5.18,21.56,4.35,3.14,8.74,6.866242038216559,-0.21285140562249005,14.57,1.27,8.34,2.06,4.1,0.72,Material Rodoviario,,SMLL,
584,TXRX3,9.0,9.0,9.0,0.0,8.7,21.99,-59.07,-81.16,0.0,-1.65,-5.44,49.18787878787879,-10.017777777777777,-2.04,-0.11,16.69,0.37,-3.63,0.0,Fios e Tecidos,,,
585,TXRX4,3.48,3.48,3.5,-0.57,2.65,5.0,-24.35,-81.16,0.0,-1.65,-2.1,49.18787878787879,-24.321839080459768,-2.04,-0.04,16.69,0.37,-3.63,0.0,Fios e Tecidos,,,
586,UCAS3,2.72,2.56,2.72,0.74,2.32,3.15,-13.1,2.92,6.7,0.26,10.5,11.23076923076923,0.07352941176470584,8.85,0.93,14.49,1.05,7.46,-0.08,Moveis,,,
587,UGPA3,18.74,18.33,19.11,1.79,11.36,19.52,48.73,10.85,1.87,1.23,15.19,8.821138211382113,-0.42102454642475984,11.34,1.72,9.28,1.97,1.01,0.7,Exploracao Refino e Distribuicao,IBOV,,
588,UNIP3,74.63,72.34,74.63,2.23,60.0,93.32,-7.94,25.12,8.36,7.54,9.95,3.331564986737401,-0.6634061369422484,30.02,2.99,5.33,2.0,12.5,-0.01,Quimicos Diversos,,,
589,UNIP5,84.68,84.49,85.0,-0.38,75.53,106.07,-5.21,25.12,8.24,7.54,11.22,3.331564986737401,-0.7033538025507794,30.02,3.37,5.33,2.0,12.5,-0.01,Quimicos Diversos,,,
590,UNIP6,83.13,78.72,83.12,4.37,62.02,106.56,-8.51,25.12,8.36,7.54,10.95,3.331564986737401,-0.6978226873571514,30.02,3.29,5.33,2.0,12.5,-0.01,Quimicos Diversos,,SMLL,IDIV
591,USIM3,7.0,6.92,7.19,-0.71,6.77,8.39,-8.14,18.92,4.26,0.29,24.02,65.24137931034484,1.7028571428571433,1.54,0.37,33.29,3.97,1.21,0.04,Siderurgia,,,
592,USIM5,6.88,6.8,6.99,-0.72,6.31,8.19,-7.28,18.92,4.75,0.29,23.67,65.24137931034484,1.7500000000000004,1.54,0.37,33.29,3.97,1.21,0.04,Siderurgia,IBOV,SMLL,
593,USIM6,16.31,16.31,16.31,0.0,11.29,17.66,2.84,18.92,2.02,0.29,55.8,65.24137931034484,0.16002452483139207,1.54,0.86,33.29,3.97,1.21,0.04,Siderurgia,,,
594,VALE3,70.14,66.71,70.17,1.86,61.05,93.49,7.94,41.2,5.72,12.54,5.62,3.285486443381181,-0.412603364699173,30.45,1.71,5.75,1.15,27.58,0.23,Minerais Metalicos,IBOV,,
595,VAMO3,11.21,10.65,12.19,-6.27,10.65,16.33,-24.66,3.54,2.47,0.62,18.33,5.709677419354839,-0.6842105263157895,17.38,3.19,10.81,2.0,11.48,2.34,Maq Equip Construcao e Agricolas,,,
596,VBBR3,19.39,18.23,19.34,2.11,12.33,19.34,11.41,11.0,3.87,0.62,30.98,17.741935483870968,-0.4326972666322847,5.61,1.74,14.85,2.64,0.42,0.88,Exploracao Refino e Distribuicao,,,
597,VIIA3,0.9,0.9,1.29,-30.23,0.9,3.93,-71.06,2.88,0.0,-0.72,-1.23,-4.0,2.1999999999999997,-25.05,0.31,16.44,0.79,-3.76,1.7,Eletrodomesticos,,,
598,VITT3,12.47,11.6,12.47,4.97,10.15,15.25,-5.39,3.93,2.66,0.89,13.97,4.415730337078652,-0.6848436246992783,22.53,3.15,13.05,2.55,16.68,0.29,Fertilizantes e Defensivos,,,
599,VIVA3,27.86,27.03,28.65,-1.69,19.0,30.99,12.16,7.64,1.31,1.59,17.56,4.80503144654088,-0.7257717157214645,20.76,3.65,15.66,2.81,18.83,0.01,Acessorios,,SMLL,
600,VIVR3,3.5,3.21,4.06,-11.31,2.8,8.1,-38.07,0.79,0.0,-2.72,-1.3,-0.2904411764705882,-0.7742857142857142,-346.16,4.52,-1.28,1.09,-57.23,0.13,Incorporacoes,,,
601,VIVT3,43.2,41.46,43.12,3.45,34.75,43.7,7.16,41.34,5.47,2.5,17.25,16.536,-0.043055555555555514,6.05,1.04,12.49,0.89,8.43,0.2,Telecomunicacoes,IBOV,,IDIV
602,VIVT4,45.34,42.33,46.69,0.0,0.0,0.0,0.0,41.34,0.0,2.5,18.12,16.536,-0.08822232024702248,6.05,1.1,12.49,0.89,8.43,0.2,Telecomunicacoes,,,
603,VLID3,18.52,18.29,19.16,-0.43,7.84,19.16,94.95,15.79,3.56,2.0,9.03,7.895,-0.14740820734341253,12.68,1.14,5.4,2.03,8.63,0.35,Servicos Diversos,,SMLL,
604,VSPT3,4.99,4.99,4.99,0.0,0.0,0.0,0.0,13.4,0.0,-15.83,-0.32,-0.8464939987365762,1.685370741482966,-118.11,0.37,-0.98,0.79,-68.65,0.41,Transporte Ferroviario,,,
605,VSPT4,0.0,0.0,0.0,0.0,0.0,0.0,0.0,13.4,0.0,-15.83,0.0,-0.8464939987365762,inf,-118.11,0.0,-0.98,0.79,-68.65,0.41,Transporte Ferroviario,,,
606,VSTE3,15.11,14.4,17.95,4.93,1.39,19.5,815.76,9.05,0.77,1.5,10.09,6.033333333333334,-0.40105890138980804,16.54,1.67,9.43,1.56,15.19,0.25,Tecidos Vestuario e Calcados,,,
607,VULC3,21.94,20.27,21.94,7.23,10.62,21.94,58.99,7.7,2.78,2.17,10.0,3.548387096774194,-0.6490428441203282,28.24,2.82,10.7,3.71,19.83,0.05,Calcados,,SMLL,
608,VVAR11,14.58,0.0,0.0,0.0,0.0,0.0,0.0,2.88,0.0,-0.72,-20.18,-4.0,-0.8024691358024691,-25.05,5.06,16.44,0.79,-3.76,1.7,Eletrodomesticos,,,
609,VVAR4,95.68,92.8,316.51,0.0,0.0,0.0,0.0,2.88,0.0,-0.72,-132.41,-4.0,-0.9698996655518395,-25.05,33.18,16.44,0.79,-3.76,1.7,Eletrodomesticos,,,
610,VVEO3,18.07,17.5,18.7,-3.21,14.98,22.15,2.5,7.36,1.54,0.65,27.78,11.323076923076924,-0.5926950747094633,8.82,2.45,13.2,1.83,2.05,0.97,Serv Mao Hosp Analises e Diagnosticos,,,
611,WEGE3,36.13,35.28,36.93,0.53,29.73,41.64,21.56,3.54,1.6,1.09,33.3,3.2477064220183482,-0.902020481594243,30.74,10.24,27.29,1.82,14.85,-0.15,Motores . Compressores e Outros,IBOV,,
612,WEST3,1.52,1.53,1.84,-14.53,0.86,2.43,-14.04,2.59,0.0,-0.53,-2.98,-4.886792452830188,0.7039473684210524,-20.29,0.61,-0.63,3.16,-26.27,-0.43,Produtos Diversos,,,
613,WHRL3,4.65,4.62,4.85,-2.31,4.37,5.15,-8.64,1.59,4.02,0.23,19.87,6.913043478260869,-0.6580645161290323,14.73,2.93,8.14,1.08,3.25,-0.31,Eletrodomesticos,,,
614,WHRL4,4.58,4.54,4.67,-1.08,4.33,5.58,-15.19,1.59,4.49,0.23,19.57,6.913043478260869,-0.6528384279475983,14.73,2.88,8.14,1.08,3.25,-0.31,Eletrodomesticos,,,
615,WIZC3,6.21,6.13,6.46,-0.48,4.91,8.41,-22.38,2.59,7.17,0.66,9.46,3.924242424242424,-0.5829307568438004,25.32,2.39,2.79,0.84,10.49,0.1,Corretoras de Seguros,,,
616,WLMM3,25.0,23.11,25.17,-0.68,19.22,25.17,30.07,17.94,3.16,3.11,8.03,5.768488745980708,-0.2824,17.35,1.39,7.48,2.48,5.11,0.0,Material de Transporte,,,
617,WLMM4,39.19,37.49,39.19,2.89,14.88,39.19,45.9,17.94,2.22,3.11,12.59,5.768488745980708,-0.5422301607552946,17.35,2.18,7.48,2.48,5.11,0.0,Material de Transporte,,,
618,YDUQ3,20.88,19.87,21.11,-0.99,6.47,23.7,85.45,10.16,0.0,0.36,58.72,28.222222222222225,-0.5134099616858236,3.51,2.06,13.54,1.56,2.27,1.36,Servicos Educacionais,IBOV,SMLL,
619,ZAMP3,5.72,5.38,5.74,3.06,3.63,8.15,-28.59,4.97,0.0,-0.4,-14.11,-12.424999999999999,-0.13111888111888115,-8.15,1.15,27.4,1.18,-2.95,0.54,Restaurante e Similares,,,
